subject_id,compound,region,value,unit
2,NA,OF,0.163797,ng/mg
45,NA,CB,0.359178,ng/mg
48,NA,PL,0.067606,ng/mg
48,NA,aCC,0.183259,ng/mg
54,NA,VPR,0.128977,ng/mg
48,NA,IC,0.15331,ng/mg
54,NA,MD,0.534283,ng/mg
54,NA,VPL,0.230392,ng/mg
45,NA,MR,0.219096,ng/mg
51,NA,HY,0.461606,ng/mg
48,NA,SJ,0.072014,ng/mg
54,NA,DL,0.15212,ng/mg
48,NA,S1R,0.463305,ng/mg
45,NA,DR,0.542615,ng/mg
48,NA,S1L,0.227336,ng/mg
48,NA,VM,0.113872,ng/mg
54,NA,VL,0.103258,ng/mg
48,NA,OF,0.185073,ng/mg
42,NA,CB,0.33582,ng/mg
54,NA,VTA,0.29692,ng/mg
42,NA,HY,0.546707,ng/mg
54,NA,SN,0.197233,ng/mg
42,NA,SC,0.186897,ng/mg
51,NA,VPL,0.127626,ng/mg
49,NA,PL,0.228855,ng/mg
51,NA,DLG,0.211747,ng/mg
42,NA,SN,0.098899,ng/mg
42,NA,VTA,0.421329,ng/mg
42,NA,DR,0.346969,ng/mg
54,NA,HY,0.372318,ng/mg
49,NA,OF,0.324632,ng/mg
42,NA,MR,0.188168,ng/mg
54,NA,DLG,0.27382,ng/mg
54,NA,SC,0.24745,ng/mg
42,NA,DLG,0.175897,ng/mg
48,NA,S1L6R,0.264128,ng/mg
51,NA,SC,0.115429,ng/mg
54,NA,VM,0.217404,ng/mg
48,NA,VL,0.119784,ng/mg
51,NA,VTA,0.217019,ng/mg
45,NA,HY,0.339331,ng/mg
48,NA,DL,0.085727,ng/mg
54,NA,AC,0.223122,ng/mg
48,NA,DM,0.114441,ng/mg
48,NA,MD,0.372063,ng/mg
54,NA,S1L6L,0.240708,ng/mg
45,NA,DLG,0.342003,ng/mg
48,NA,VPL,0.239,ng/mg
54,NA,S1L6R,0.246249,ng/mg
48,NA,DLG,0.140623,ng/mg
51,NA,DR,0.548135,ng/mg
48,NA,VPR,0.0764,ng/mg
54,NA,DM,0.302684,ng/mg
54,NA,A,0.416919,ng/mg
45,NA,SC,0.206781,ng/mg
48,NA,S1L6L,0.246062,ng/mg
45,NA,VTA,0.214948,ng/mg
48,NA,AC,0.288889,ng/mg
54,NA,VM,0.479438,ng/mg
48,NA,VM,0.133862,ng/mg
54,NA,NAc,0.187435,ng/mg
48,NA,VM,0.315202,ng/mg
48,NA,A,0.291132,ng/mg
48,NA,dH,0.155639,ng/mg
54,NA,vH,0.340434,ng/mg
51,NA,SN,0.194122,ng/mg
48,NA,vH,0.247432,ng/mg
54,NA,dH,0.077692,ng/mg
48,NA,NAc,0.119805,ng/mg
45,NA,SN,0.159002,ng/mg
48,NA,HY,NA,ng/mg
49,NA,aCC,0.281094,ng/mg
54,NA,DR,0.904132,ng/mg
49,NA,AC,0.173636,ng/mg
34,NA,CB,0.352116,ng/mg
56,NA,VM,0.280769,ng/mg
42,NA,OF,0.17614,ng/mg
56,NA,AC,0.182756,ng/mg
42,NA,PL,0.13777,ng/mg
34,NA,MR,0.316743,ng/mg
51,NA,DM,NA,ng/mg
42,NA,aCC,0.34425,ng/mg
56,NA,S1L6L,0.220926,ng/mg
42,NA,IC,0.158812,ng/mg
42,NA,VM,0.083891,ng/mg
56,NA,S1L6R,0.156659,ng/mg
49,NA,S1L6R,0.154736,ng/mg
49,NA,S1L6L,0.17486,ng/mg
42,NA,SJ,0.133195,ng/mg
56,NA,A,0.388675,ng/mg
51,NA,VM,0.340097,ng/mg
56,NA,DM,0.176916,ng/mg
34,NA,VPL,0.165972,ng/mg
56,NA,VM,0.238626,ng/mg
51,NA,NAc,0.114411,ng/mg
34,NA,DLG,0.270595,ng/mg
49,NA,A,0.396955,ng/mg
34,NA,DR,0.51991,ng/mg
34,NA,HY,0.450002,ng/mg
34,NA,SC,NA,ng/mg
56,NA,vH,0.290609,ng/mg
34,NA,SN,0.159719,ng/mg
49,NA,VM,0.201877,ng/mg
34,NA,VTA,0.3901,ng/mg
56,NA,dH,0.166799,ng/mg
56,NA,NAc,0.093753,ng/mg
42,NA,VPL,0.098889,ng/mg
56,NA,S1L,0.168273,ng/mg
51,NA,VL,0.152655,ng/mg
56,NA,PL,0.193815,ng/mg
51,NA,MD,0.498972,ng/mg
42,NA,VM,0.400972,ng/mg
49,NA,VM,0.245406,ng/mg
42,NA,DM,0.130439,ng/mg
56,NA,OF,0.327991,ng/mg
42,NA,NAc,0.191253,ng/mg
42,NA,VL,0.201208,ng/mg
42,NA,DL,0.083518,ng/mg
49,NA,IC,0.270207,ng/mg
42,NA,MD,0.560154,ng/mg
54,NA,MR,0.322848,ng/mg
51,NA,VPR,0.08329,ng/mg
42,NA,VPR,0.051487,ng/mg
54,NA,CB,0.405291,ng/mg
42,NA,S1R,0.189602,ng/mg
56,NA,aCC,0.231675,ng/mg
49,NA,SJ,0.151162,ng/mg
42,NA,S1L,0.185741,ng/mg
56,NA,S1R,0.261784,ng/mg
49,NA,S1L,0.305238,ng/mg
42,NA,S1L6R,0.134899,ng/mg
42,NA,S1L6L,0.174182,ng/mg
56,NA,SJ,0.160561,ng/mg
42,NA,vH,0.2661,ng/mg
42,NA,AC,0.185317,ng/mg
49,NA,S1R,0.316904,ng/mg
42,NA,VM,0.081455,ng/mg
51,NA,DL,0.013636,ng/mg
42,NA,A,0.323819,ng/mg
56,NA,IC,0.276303,ng/mg
42,NA,dH,0.159061,ng/mg
56,NA,VM,0.224922,ng/mg
34,NA,VPR,0.022427,ng/mg
54,NA,S1L,0.342283,ng/mg
48,NA,SC,0.242752,ng/mg
65,NA,SJ,0.108608,ng/mg
47,NA,VM,0.133847,ng/mg
65,NA,S1R,0.409731,ng/mg
65,NA,S1L,0.283079,ng/mg
47,NA,AC,0.119837,ng/mg
45,NA,S1L,0.291103,ng/mg
45,NA,S1L6R,0.147416,ng/mg
65,NA,S1L6R,0.229981,ng/mg
65,NA,S1L6L,0.216254,ng/mg
57,NA,S1L,0.299303,ng/mg
65,NA,AC,0.213981,ng/mg
47,NA,S1L6R,0.226655,ng/mg
45,NA,S1R,0.217217,ng/mg
65,NA,VM,0.174848,ng/mg
47,NA,S1L6L,0.244857,ng/mg
65,NA,A,0.270819,ng/mg
57,NA,S1R,0.306997,ng/mg
47,NA,A,0.418056,ng/mg
63,NA,DR,0.638875,ng/mg
47,NA,VM,0.125116,ng/mg
63,NA,MR,0.387469,ng/mg
45,NA,AC,0.190423,ng/mg
63,NA,CB,0.295141,ng/mg
47,NA,NAc,0.099769,ng/mg
65,NA,VM,0.143363,ng/mg
57,NA,SJ,0.074729,ng/mg
47,NA,vH,0.432317,ng/mg
65,NA,PL,0.123056,ng/mg
45,NA,S1L6L,0.204393,ng/mg
65,NA,aCC,0.299047,ng/mg
47,NA,dH,0.156991,ng/mg
65,NA,IC,0.22953,ng/mg
65,NA,OF,0.274639,ng/mg
47,NA,DM,0.111755,ng/mg
47,NA,S1L,0.398495,ng/mg
47,NA,S1R,0.296767,ng/mg
65,NA,VPL,0.204148,ng/mg
45,NA,aCC,0.282843,ng/mg
65,NA,DLG,0.266311,ng/mg
47,NA,OF,0.233987,ng/mg
57,NA,AC,0.20343,ng/mg
65,NA,HY,0.757053,ng/mg
47,NA,PL,0.126945,ng/mg
12,NA,CB,0.399069,ng/mg
45,NA,PL,0.127715,ng/mg
65,NA,SN,0.310123,ng/mg
12,NA,MR,0.369746,ng/mg
65,NA,VTA,0.524676,ng/mg
12,NA,DR,0.969456,ng/mg
65,NA,DR,0.882868,ng/mg
65,NA,SC,0.235023,ng/mg
65,NA,dH,0.149827,ng/mg
65,NA,VPR,0.098344,ng/mg
65,NA,MD,0.685321,ng/mg
45,NA,SJ,0.126395,ng/mg
65,NA,vH,0.345366,ng/mg
57,NA,S1L6R,0.242041,ng/mg
65,NA,NAc,0.157452,ng/mg
47,NA,SJ,0.084247,ng/mg
65,NA,VM,0.28889,ng/mg
47,NA,aCC,0.322073,ng/mg
45,NA,VM,0.226608,ng/mg
47,NA,VM,0.144468,ng/mg
65,NA,VL,0.132865,ng/mg
47,NA,IC,0.267366,ng/mg
57,NA,S1L6L,0.17948,ng/mg
65,NA,DL,0.087504,ng/mg
45,NA,IC,0.272318,ng/mg
65,NA,DM,0.123666,ng/mg
45,NA,VPL,0.26641,ng/mg
63,NA,VTA,0.508869,ng/mg
63,NA,SN,0.152658,ng/mg
63,NA,IC,0.278038,ng/mg
54,NA,PL,0.134724,ng/mg
63,NA,VM,0.13927,ng/mg
54,NA,OF,0.28233,ng/mg
63,NA,SJ,0.106897,ng/mg
45,NA,VL,0.169209,ng/mg
45,NA,DL,0.13824,ng/mg
63,NA,S1R,0.362013,ng/mg
57,NA,OF,0.27279,ng/mg
63,NA,S1L,0.354122,ng/mg
47,NA,MR,0.238888,ng/mg
63,NA,S1L6R,0.127119,ng/mg
45,NA,DM,0.371231,ng/mg
63,NA,S1L6L,0.241813,ng/mg
47,NA,CB,0.201764,ng/mg
47,NA,DR,0.64173,ng/mg
63,NA,aCC,0.241417,ng/mg
54,NA,aCC,0.310847,ng/mg
48,NA,SN,0.144656,ng/mg
54,NA,S1R,0.304517,ng/mg
48,NA,VTA,0.260604,ng/mg
54,NA,SJ,0.147674,ng/mg
45,NA,VPR,0.116567,ng/mg
48,NA,DR,0.848461,ng/mg
51,NA,CB,0.331491,ng/mg
51,NA,MR,0.205093,ng/mg
54,NA,VM,0.237238,ng/mg
48,NA,CB,0.262033,ng/mg
45,NA,MD,0.608198,ng/mg
63,NA,OF,0.29177,ng/mg
54,NA,IC,0.222177,ng/mg
63,NA,PL,0.139652,ng/mg
48,NA,MR,0.363284,ng/mg
45,NA,VM,0.222778,ng/mg
63,NA,AC,0.151988,ng/mg
63,NA,VM,0.217458,ng/mg
63,NA,MD,0.780063,ng/mg
47,NA,VPR,0.066261,ng/mg
45,NA,dH,0.103589,ng/mg
63,NA,VPR,0.094121,ng/mg
57,NA,IC,0.251549,ng/mg
63,NA,VPL,0.111056,ng/mg
47,NA,VPL,0.174593,ng/mg
47,NA,MD,0.43546,ng/mg
45,NA,A,0.457804,ng/mg
63,NA,HY,0.355654,ng/mg
47,NA,DL,0.080435,ng/mg
63,NA,SC,0.193781,ng/mg
47,NA,VL,0.22122,ng/mg
57,NA,VM,0.140899,ng/mg
63,NA,DLG,0.190884,ng/mg
47,NA,VTA,0.225786,ng/mg
63,NA,DL,0.088118,ng/mg
45,NA,vH,0.268884,ng/mg
57,NA,PL,0.151288,ng/mg
45,NA,VM,0.203447,ng/mg
63,NA,A,0.463644,ng/mg
47,NA,SN,0.182662,ng/mg
63,NA,dH,0.176419,ng/mg
63,NA,vH,0.315388,ng/mg
63,NA,VL,0.168416,ng/mg
47,NA,SC,0.205051,ng/mg
63,NA,NAc,0.14312,ng/mg
47,NA,HY,0.437146,ng/mg
63,NA,VM,0.232042,ng/mg
57,NA,aCC,0.224866,ng/mg
63,NA,DM,0.108952,ng/mg
47,NA,DLG,0.11384,ng/mg
45,NA,NAc,0.087741,ng/mg
57,NA,VM,0.187659,ng/mg
49,NA,dH,0.157765,ng/mg
56,NA,VL,0.176421,ng/mg
52,NA,A,0.402646,ng/mg
15,NA,HY,0.402527,ng/mg
62,NA,VM,0.224337,ng/mg
50,NA,VTA,0.269137,ng/mg
15,NA,SC,0.210322,ng/mg
62,NA,AC,0.155222,ng/mg
15,NA,DLG,0.075639,ng/mg
15,NA,SN,0.150658,ng/mg
15,NA,VTA,0.328654,ng/mg
62,NA,S1L6L,0.227711,ng/mg
15,NA,DR,0.616219,ng/mg
62,NA,S1L6R,0.28386,ng/mg
15,NA,MR,0.314013,ng/mg
50,NA,DR,0.411263,ng/mg
52,NA,VM,0.131036,ng/mg
52,NA,AC,0.183056,ng/mg
62,NA,A,0.44364,ng/mg
62,NA,dH,0.1208,ng/mg
15,NA,NAc,0.090869,ng/mg
50,NA,SC,0.20107,ng/mg
15,NA,VM,0.188928,ng/mg
62,NA,VM,0.462222,ng/mg
15,NA,DM,0.094589,ng/mg
52,NA,vH,0.266201,ng/mg
15,NA,VPL,0.080053,ng/mg
15,NA,VL,0.148386,ng/mg
15,NA,DL,0.073314,ng/mg
62,NA,vH,0.282371,ng/mg
50,NA,SN,0.119419,ng/mg
15,NA,MD,0.664967,ng/mg
52,NA,dH,0.096932,ng/mg
15,NA,VPR,0.012772,ng/mg
62,NA,NAc,0.129336,ng/mg
52,NA,NAc,0.284084,ng/mg
15,NA,CB,0.297915,ng/mg
26,NA,OF,0.246903,ng/mg
26,NA,S1L6L,0.238666,ng/mg
62,NA,PL,0.117432,ng/mg
26,NA,AC,0.179596,ng/mg
52,NA,S1R,0.191072,ng/mg
26,NA,VM,0.207954,ng/mg
62,NA,OF,0.214635,ng/mg
50,NA,CB,0.300866,ng/mg
26,NA,A,0.3395,ng/mg
51,NA,OF,0.28187,ng/mg
26,NA,dH,0.085837,ng/mg
52,NA,SJ,0.082391,ng/mg
26,NA,vH,0.21305,ng/mg
60,NA,MR,0.272524,ng/mg
26,NA,NAc,0.111794,ng/mg
60,NA,CB,0.328458,ng/mg
62,NA,S1L,0.279727,ng/mg
26,NA,S1L6R,0.212796,ng/mg
62,NA,aCC,0.274911,ng/mg
26,NA,PL,0.173149,ng/mg
62,NA,S1R,0.329233,ng/mg
52,NA,S1L6L,0.195923,ng/mg
26,NA,aCC,0.279098,ng/mg
62,NA,SJ,0.101936,ng/mg
26,NA,IC,0.287038,ng/mg
52,NA,S1L,0.34577,ng/mg
50,NA,MR,0.236509,ng/mg
62,NA,VM,0.147666,ng/mg
52,NA,S1L6R,0.078474,ng/mg
26,NA,SJ,0.127717,ng/mg
26,NA,S1R,0.272536,ng/mg
62,NA,IC,0.299698,ng/mg
26,NA,S1L,0.270352,ng/mg
26,NA,VM,0.274839,ng/mg
60,NA,DR,1.327039,ng/mg
62,NA,DM,0.140832,ng/mg
62,NA,VL,0.132863,ng/mg
64,NA,PL,0.123173,ng/mg
52,NA,DLG,0.174375,ng/mg
14,NA,VPL,0.106212,ng/mg
50,NA,MD,0.477913,ng/mg
14,NA,DLG,0.226584,ng/mg
64,NA,OF,0.240173,ng/mg
14,NA,VPR,0.047369,ng/mg
14,NA,HY,0.476316,ng/mg
14,NA,SC,0.201296,ng/mg
62,NA,CB,0.397891,ng/mg
14,NA,SN,0.150033,ng/mg
62,NA,MR,0.457848,ng/mg
50,NA,VPR,0.046316,ng/mg
14,NA,VTA,0.343732,ng/mg
52,NA,VPL,0.110741,ng/mg
52,NA,VPR,0.015882,ng/mg
64,NA,aCC,0.26563,ng/mg
14,NA,DL,0.088283,ng/mg
52,NA,SN,0.172673,ng/mg
14,NA,dH,0.177662,ng/mg
64,NA,S1R,0.299568,ng/mg
14,NA,vH,0.214576,ng/mg
14,NA,NAc,0.086132,ng/mg
64,NA,SJ,0.114519,ng/mg
14,NA,MD,0.669233,ng/mg
52,NA,SC,0.203111,ng/mg
64,NA,VM,0.209261,ng/mg
14,NA,DM,0.184156,ng/mg
50,NA,DL,0.07318,ng/mg
14,NA,VL,0.180211,ng/mg
64,NA,IC,0.195571,ng/mg
52,NA,HY,0.348383,ng/mg
14,NA,VM,0.21036,ng/mg
15,NA,vH,0.18406,ng/mg
14,NA,DR,0.766813,ng/mg
14,NA,MR,0.287275,ng/mg
62,NA,VPL,0.236111,ng/mg
15,NA,S1L,0.191435,ng/mg
15,NA,S1L6R,0.072192,ng/mg
62,NA,VPR,0.108623,ng/mg
52,NA,DM,0.121447,ng/mg
15,NA,S1L6L,0.156701,ng/mg
15,NA,S1R,0.275386,ng/mg
62,NA,MD,0.496489,ng/mg
50,NA,HY,0.260366,ng/mg
15,NA,VM,0.163628,ng/mg
62,NA,DL,0.10922,ng/mg
52,NA,VM,0.128056,ng/mg
15,NA,A,0.190139,ng/mg
15,NA,dH,0.157982,ng/mg
15,NA,AC,0.163464,ng/mg
62,NA,DR,0.810048,ng/mg
52,NA,VL,0.164495,ng/mg
15,NA,SJ,0.012527,ng/mg
62,NA,VTA,0.367847,ng/mg
14,NA,CB,0.359174,ng/mg
52,NA,MD,0.416278,ng/mg
15,NA,OF,0.140673,ng/mg
62,NA,SN,0.205894,ng/mg
50,NA,VPL,0.193232,ng/mg
50,NA,DLG,0.077523,ng/mg
15,NA,PL,0.017144,ng/mg
15,NA,aCC,0.244582,ng/mg
52,NA,DL,0.092312,ng/mg
15,NA,IC,0.13617,ng/mg
62,NA,HY,0.751309,ng/mg
15,NA,VM,0.322955,ng/mg
62,NA,DLG,0.262772,ng/mg
62,NA,SC,0.253365,ng/mg
34,NA,MD,0.603972,ng/mg
26,NA,VM,0.500717,ng/mg
26,NA,DM,0.125184,ng/mg
49,NA,VPR,0.160946,ng/mg
29,NA,DR,1.12424,ng/mg
60,NA,PL,0.165367,ng/mg
29,NA,MR,0.325903,ng/mg
60,NA,OF,0.276902,ng/mg
51,NA,AC,0.085473,ng/mg
29,NA,VTA,0.363269,ng/mg
29,NA,CB,0.320284,ng/mg
34,NA,OF,0.190057,ng/mg
56,NA,CB,0.421673,ng/mg
34,NA,PL,0.108299,ng/mg
56,NA,MR,0.306997,ng/mg
34,NA,aCC,0.279789,ng/mg
49,NA,DL,0.09054,ng/mg
49,NA,MD,0.89244,ng/mg
34,NA,IC,0.188463,ng/mg
60,NA,aCC,0.365943,ng/mg
51,NA,S1L6L,0.181578,ng/mg
29,NA,DL,0.071197,ng/mg
60,NA,S1R,0.207963,ng/mg
29,NA,MD,0.779925,ng/mg
51,NA,S1L6R,0.17869,ng/mg
29,NA,VPR,0.115446,ng/mg
60,NA,SJ,0.139132,ng/mg
29,NA,SN,0.187049,ng/mg
49,NA,DLG,0.308241,ng/mg
29,NA,DLG,0.231333,ng/mg
60,NA,VM,0.279015,ng/mg
29,NA,HY,0.390314,ng/mg
60,NA,IC,0.334891,ng/mg
49,NA,VPL,0.259899,ng/mg
29,NA,SC,0.223042,ng/mg
29,NA,VPL,0.188222,ng/mg
49,NA,HY,0.426547,ng/mg
56,NA,DR,0.502507,ng/mg
34,NA,VM,0.134442,ng/mg
34,NA,dH,0.202075,ng/mg
51,NA,dH,0.159885,ng/mg
34,NA,vH,0.21963,ng/mg
56,NA,VPR,0.097176,ng/mg
49,NA,NAc,0.127541,ng/mg
34,NA,NAc,0.117529,ng/mg
56,NA,VPL,0.259542,ng/mg
34,NA,VM,0.20618,ng/mg
34,NA,DM,0.123199,ng/mg
56,NA,DL,0.08534,ng/mg
49,NA,vH,0.317057,ng/mg
34,NA,VL,0.189097,ng/mg
51,NA,vH,0.310988,ng/mg
34,NA,DL,0.099493,ng/mg
56,NA,MD,0.531427,ng/mg
51,NA,VM,0.222552,ng/mg
34,NA,A,0.311111,ng/mg
56,NA,DLG,0.358095,ng/mg
56,NA,VTA,0.307193,ng/mg
34,NA,SJ,0.081076,ng/mg
49,NA,VL,0.065899,ng/mg
34,NA,S1R,0.437458,ng/mg
56,NA,SN,0.186211,ng/mg
34,NA,S1L,0.310285,ng/mg
49,NA,VM,0.178421,ng/mg
56,NA,SC,0.224021,ng/mg
51,NA,A,0.33206,ng/mg
49,NA,DM,NA,ng/mg
34,NA,S1L6L,0.27741,ng/mg
56,NA,HY,0.512867,ng/mg
34,NA,AC,0.176263,ng/mg
34,NA,VM,0.143829,ng/mg
34,NA,S1L6R,0.203996,ng/mg
52,NA,VM,0.096283,ng/mg
60,NA,S1L,0.225237,ng/mg
29,NA,DM,0.158932,ng/mg
60,NA,VPL,0.265407,ng/mg
52,NA,PL,0.068259,ng/mg
26,NA,SN,0.119344,ng/mg
60,NA,VPR,0.119125,ng/mg
26,NA,VTA,0.235329,ng/mg
51,NA,IC,0.286532,ng/mg
26,NA,SC,0.224395,ng/mg
26,NA,DR,0.772571,ng/mg
52,NA,OF,0.17146,ng/mg
26,NA,MR,0.291987,ng/mg
26,NA,CB,0.36279,ng/mg
60,NA,DL,0.09139,ng/mg
29,NA,OF,0.290954,ng/mg
60,NA,VL,0.210072,ng/mg
60,NA,MD,0.391645,ng/mg
49,NA,CB,0.445747,ng/mg
26,NA,HY,0.867777,ng/mg
25,NA,VM,0.111668,ng/mg
60,NA,VTA,0.177836,ng/mg
51,NA,PL,0.151922,ng/mg
26,NA,VL,0.19249,ng/mg
60,NA,SN,0.167473,ng/mg
26,NA,DL,0.10067,ng/mg
52,NA,IC,0.189217,ng/mg
60,NA,DLG,0.275253,ng/mg
26,NA,MD,0.50577,ng/mg
26,NA,VPR,0.075126,ng/mg
60,NA,HY,0.395645,ng/mg
26,NA,VPL,0.252418,ng/mg
51,NA,aCC,0.212777,ng/mg
52,NA,aCC,0.316998,ng/mg
26,NA,DLG,0.247118,ng/mg
60,NA,SC,0.155421,ng/mg
29,NA,VL,0.139318,ng/mg
29,NA,PL,0.164027,ng/mg
29,NA,aCC,0.319052,ng/mg
51,NA,S1R,0.296862,ng/mg
29,NA,VM,0.196492,ng/mg
60,NA,VM,0.207123,ng/mg
29,NA,A,0.401096,ng/mg
49,NA,SN,0.174573,ng/mg
29,NA,dH,0.138952,ng/mg
60,NA,A,0.383102,ng/mg
60,NA,AC,0.2608,ng/mg
60,NA,S1L6L,0.15413,ng/mg
29,NA,NAc,0.130651,ng/mg
51,NA,S1L,0.19088,ng/mg
49,NA,SC,0.262354,ng/mg
29,NA,VM,0.143526,ng/mg
60,NA,S1L6R,0.154653,ng/mg
29,NA,vH,0.248697,ng/mg
51,NA,VM,0.171971,ng/mg
29,NA,AC,0.195111,ng/mg
29,NA,S1L6L,0.213481,ng/mg
60,NA,DM,0.255506,ng/mg
29,NA,IC,0.307804,ng/mg
49,NA,MR,0.186203,ng/mg
29,NA,VM,0.183738,ng/mg
60,NA,VM,0.474705,ng/mg
29,NA,SJ,0.102693,ng/mg
49,NA,VTA,0.470209,ng/mg
60,NA,NAc,0.129801,ng/mg
29,NA,S1R,0.372372,ng/mg
49,NA,DR,0.583047,ng/mg
29,NA,S1L,0.282267,ng/mg
60,NA,vH,0.281618,ng/mg
29,NA,S1L6R,0.174975,ng/mg
60,NA,dH,0.15464,ng/mg
51,NA,SJ,0.124259,ng/mg
45,NA,OF,0.27366,ng/mg
65,NA,MR,0.393817,ng/mg
12,NA,VTA,0.262524,ng/mg
30,NA,DL,0.101128,ng/mg
35,NA,IC,0.189902,ng/mg
30,NA,MD,0.607122,ng/mg
55,NA,AC,0.185203,ng/mg
30,NA,VPR,0.094546,ng/mg
55,NA,S1L6L,0.197259,ng/mg
55,NA,VM,0.261611,ng/mg
30,NA,VPL,0.146433,ng/mg
35,NA,aCC,0.191951,ng/mg
30,NA,DLG,0.211961,ng/mg
55,NA,S1L6R,0.23371,ng/mg
30,NA,HY,0.737627,ng/mg
30,NA,SC,0.320577,ng/mg
55,NA,S1L,0.257107,ng/mg
21,NA,DM,NA,ng/mg
35,NA,PL,0.048972,ng/mg
30,NA,VL,0.154109,ng/mg
55,NA,A,0.409514,ng/mg
30,NA,VM,0.211371,ng/mg
55,NA,VM,0.310196,ng/mg
30,NA,A,0.453638,ng/mg
55,NA,NAc,0.114032,ng/mg
21,NA,NAc,0.159719,ng/mg
30,NA,dH,0.169077,ng/mg
21,NA,VM,0.229722,ng/mg
35,NA,SJ,0.047865,ng/mg
55,NA,vH,0.274294,ng/mg
30,NA,NAc,0.073773,ng/mg
55,NA,dH,0.193201,ng/mg
30,NA,VM,0.155417,ng/mg
35,NA,VM,0.100795,ng/mg
30,NA,DM,0.18182,ng/mg
30,NA,vH,0.274604,ng/mg
35,NA,S1R,0.258201,ng/mg
30,NA,SN,0.148773,ng/mg
30,NA,VTA,0.429011,ng/mg
37,NA,SJ,0.138794,ng/mg
55,NA,OF,0.317922,ng/mg
21,NA,MD,0.22314,ng/mg
37,NA,S1R,0.236436,ng/mg
25,NA,DR,0.607536,ng/mg
37,NA,S1L,0.210569,ng/mg
55,NA,PL,0.099938,ng/mg
53,NA,CB,0.425344,ng/mg
53,NA,MR,0.219935,ng/mg
37,NA,S1L6L,0.173417,ng/mg
25,NA,VTA,0.278207,ng/mg
37,NA,AC,0.176911,ng/mg
53,NA,DR,0.667033,ng/mg
21,NA,VPR,0.228151,ng/mg
37,NA,S1L6R,0.196627,ng/mg
55,NA,S1R,0.394846,ng/mg
37,NA,VM,0.261188,ng/mg
37,NA,IC,0.259953,ng/mg
21,NA,VL,0.2826,ng/mg
30,NA,DR,0.807274,ng/mg
55,NA,SJ,0.130773,ng/mg
35,NA,OF,0.163288,ng/mg
30,NA,MR,0.224113,ng/mg
30,NA,CB,0.427309,ng/mg
25,NA,MR,0.326303,ng/mg
55,NA,VM,0.224728,ng/mg
55,NA,IC,0.262856,ng/mg
25,NA,CB,0.236884,ng/mg
37,NA,PL,0.242423,ng/mg
21,NA,DL,0.02,ng/mg
37,NA,aCC,0.397854,ng/mg
55,NA,aCC,0.295169,ng/mg
37,NA,OF,0.317555,ng/mg
37,NA,VM,0.28532,ng/mg
30,NA,AC,0.211278,ng/mg
30,NA,S1L6L,0.208684,ng/mg
27,NA,DM,0.102179,ng/mg
8,NA,OF,0.259992,ng/mg
35,NA,vH,0.139937,ng/mg
27,NA,VL,0.291261,ng/mg
27,NA,DL,0.084702,ng/mg
55,NA,CB,0.389215,ng/mg
8,NA,PL,0.200299,ng/mg
21,NA,AC,0.14129,ng/mg
35,NA,dH,0.165254,ng/mg
27,NA,VPR,0.209089,ng/mg
55,NA,MR,0.343094,ng/mg
27,NA,VPL,0.132288,ng/mg
55,NA,DR,0.789753,ng/mg
27,NA,DLG,0.127265,ng/mg
27,NA,MD,0.572662,ng/mg
35,NA,A,0.267556,ng/mg
27,NA,VM,0.256796,ng/mg
35,NA,NAc,0.123994,ng/mg
21,NA,S1L6R,0.250806,ng/mg
35,NA,DM,0.095173,ng/mg
27,NA,S1L6L,0.185601,ng/mg
8,NA,SJ,0.144894,ng/mg
27,NA,AC,0.132172,ng/mg
27,NA,VM,0.177216,ng/mg
27,NA,NAc,0.141702,ng/mg
8,NA,VM,0.187959,ng/mg
27,NA,A,0.497135,ng/mg
8,NA,IC,0.295007,ng/mg
27,NA,dH,0.2248,ng/mg
21,NA,S1L6L,0.168902,ng/mg
27,NA,vH,0.28152,ng/mg
8,NA,aCC,0.307042,ng/mg
35,NA,VM,0.034206,ng/mg
55,NA,DM,0.12244,ng/mg
27,NA,HY,0.361088,ng/mg
21,NA,VM,0.180394,ng/mg
55,NA,VPR,0.122608,ng/mg
30,NA,IC,0.285847,ng/mg
21,NA,dH,0.114178,ng/mg
30,NA,VM,0.188575,ng/mg
55,NA,MD,0.806365,ng/mg
35,NA,S1L6R,0.13432,ng/mg
30,NA,aCC,0.275088,ng/mg
30,NA,SJ,0.162862,ng/mg
55,NA,DL,0.08548,ng/mg
30,NA,S1L,0.330124,ng/mg
55,NA,VL,0.149554,ng/mg
35,NA,S1L,0.414924,ng/mg
30,NA,S1L6R,0.145506,ng/mg
21,NA,vH,0.426924,ng/mg
30,NA,S1R,0.254066,ng/mg
55,NA,VTA,0.480023,ng/mg
35,NA,S1L6L,0.207974,ng/mg
30,NA,PL,0.095403,ng/mg
27,NA,SC,0.205704,ng/mg
55,NA,SN,0.172277,ng/mg
27,NA,SN,0.160194,ng/mg
35,NA,VM,0.11176,ng/mg
27,NA,VTA,0.189385,ng/mg
55,NA,SC,0.208551,ng/mg
55,NA,VPL,0.183889,ng/mg
27,NA,DR,0.412146,ng/mg
27,NA,MR,0.449522,ng/mg
21,NA,A,0.271359,ng/mg
35,NA,AC,0.134148,ng/mg
27,NA,CB,0.318146,ng/mg
55,NA,DLG,0.259938,ng/mg
30,NA,OF,0.216569,ng/mg
55,NA,HY,0.528498,ng/mg
27,NA,S1L6R,0.243522,ng/mg
53,NA,VTA,0.235701,ng/mg
25,NA,SN,0.092104,ng/mg
25,NA,A,0.311045,ng/mg
39,NA,HY,0.448051,ng/mg
53,NA,OF,0.318146,ng/mg
39,NA,SC,0.114783,ng/mg
46,NA,CB,0.312826,ng/mg
39,NA,SN,0.174259,ng/mg
39,NA,DLG,0.141797,ng/mg
25,NA,VM,0.223336,ng/mg
46,NA,MR,0.378149,ng/mg
25,NA,OF,0.219439,ng/mg
39,NA,DR,0.889575,ng/mg
46,NA,DR,0.18137,ng/mg
39,NA,MR,0.295101,ng/mg
25,NA,AC,0.29188,ng/mg
39,NA,VTA,0.193851,ng/mg
39,NA,CB,0.297787,ng/mg
21,NA,CB,0.237606,ng/mg
39,NA,VPL,0.110556,ng/mg
39,NA,NAc,0.107186,ng/mg
39,NA,VM,0.177313,ng/mg
53,NA,SJ,0.126928,ng/mg
39,NA,DM,0.120747,ng/mg
53,NA,VM,0.267847,ng/mg
25,NA,vH,0.268216,ng/mg
53,NA,PL,0.226651,ng/mg
39,NA,VL,0.317732,ng/mg
39,NA,DL,0.081424,ng/mg
53,NA,IC,0.307823,ng/mg
39,NA,MD,0.401353,ng/mg
25,NA,dH,0.204559,ng/mg
39,NA,VPR,0.076234,ng/mg
53,NA,aCC,0.321953,ng/mg
21,NA,MR,0.372518,ng/mg
25,NA,NAc,0.122337,ng/mg
46,NA,VTA,0.372587,ng/mg
46,NA,SN,0.163219,ng/mg
46,NA,VPR,0.127157,ng/mg
46,NA,AC,0.185407,ng/mg
46,NA,MD,0.51236,ng/mg
25,NA,S1R,0.289281,ng/mg
46,NA,VM,0.172377,ng/mg
25,NA,IC,0.140504,ng/mg
46,NA,S1L6L,0.152581,ng/mg
46,NA,A,0.33316,ng/mg
46,NA,dH,0.195668,ng/mg
25,NA,SJ,0.134021,ng/mg
46,NA,vH,0.379484,ng/mg
46,NA,VL,0.1765,ng/mg
46,NA,NAc,0.282806,ng/mg
46,NA,DM,0.116426,ng/mg
46,NA,DL,0.089217,ng/mg
46,NA,OF,0.175634,ng/mg
46,NA,S1L6R,0.235089,ng/mg
46,NA,VPL,0.252929,ng/mg
46,NA,PL,0.194049,ng/mg
25,NA,PL,0.113906,ng/mg
25,NA,S1L6L,0.240774,ng/mg
46,NA,aCC,0.26182,ng/mg
46,NA,SC,0.215722,ng/mg
46,NA,IC,0.138633,ng/mg
25,NA,S1L,0.273763,ng/mg
46,NA,VM,0.152319,ng/mg
25,NA,S1L6R,0.241442,ng/mg
46,NA,SJ,0.051146,ng/mg
46,NA,DLG,0.158674,ng/mg
46,NA,S1R,0.319302,ng/mg
25,NA,aCC,0.21798,ng/mg
46,NA,S1L,0.284839,ng/mg
46,NA,HY,0.582138,ng/mg
37,NA,A,0.40625,ng/mg
53,NA,S1R,0.316777,ng/mg
21,NA,DR,0.358053,ng/mg
53,NA,VPR,0.108252,ng/mg
25,NA,DLG,0.117825,ng/mg
37,NA,VPL,0.268108,ng/mg
37,NA,DLG,0.345251,ng/mg
53,NA,MD,0.782475,ng/mg
37,NA,HY,0.499539,ng/mg
37,NA,VPR,0.089203,ng/mg
53,NA,DL,0.138157,ng/mg
37,NA,SC,0.181313,ng/mg
21,NA,HY,0.518703,ng/mg
37,NA,SN,0.154374,ng/mg
53,NA,VL,0.23163,ng/mg
37,NA,VTA,0.356602,ng/mg
25,NA,VPR,0.026184,ng/mg
25,NA,VPL,0.137292,ng/mg
37,NA,DR,0.834948,ng/mg
21,NA,DLG,0.320479,ng/mg
53,NA,VPL,0.195641,ng/mg
37,NA,dH,0.216704,ng/mg
53,NA,SN,0.140331,ng/mg
37,NA,vH,0.414861,ng/mg
53,NA,SC,0.188366,ng/mg
37,NA,NAc,0.10604,ng/mg
21,NA,VPL,0.273034,ng/mg
37,NA,MD,0.422236,ng/mg
25,NA,SC,0.220887,ng/mg
53,NA,HY,0.309194,ng/mg
37,NA,DM,NA,ng/mg
37,NA,VL,0.161043,ng/mg
53,NA,DLG,0.22449,ng/mg
25,NA,HY,0.514501,ng/mg
37,NA,DL,0.126856,ng/mg
37,NA,VM,0.174082,ng/mg
39,NA,vH,0.257397,ng/mg
53,NA,DM,0.558307,ng/mg
53,NA,VM,0.48781,ng/mg
39,NA,S1L,0.30812,ng/mg
53,NA,AC,0.211212,ng/mg
39,NA,S1L6R,0.168349,ng/mg
21,NA,VTA,0.142502,ng/mg
25,NA,DM,0.113623,ng/mg
39,NA,S1L6L,0.146839,ng/mg
53,NA,VM,0.276745,ng/mg
53,NA,S1L6L,0.210504,ng/mg
39,NA,VM,0.184904,ng/mg
53,NA,S1L6R,0.14559,ng/mg
25,NA,VM,NA,ng/mg
39,NA,A,0.340341,ng/mg
53,NA,S1L,0.164112,ng/mg
39,NA,dH,0.153908,ng/mg
39,NA,AC,0.242424,ng/mg
37,NA,MR,0.242995,ng/mg
39,NA,S1R,0.38021,ng/mg
39,NA,SJ,0.095892,ng/mg
21,NA,SC,0.158612,ng/mg
37,NA,CB,0.283068,ng/mg
25,NA,MD,0.186129,ng/mg
39,NA,OF,0.214273,ng/mg
53,NA,NAc,0.110022,ng/mg
39,NA,PL,0.090589,ng/mg
25,NA,VL,0.325005,ng/mg
53,NA,vH,0.320819,ng/mg
25,NA,DL,0.083466,ng/mg
39,NA,IC,0.220209,ng/mg
53,NA,dH,0.136988,ng/mg
21,NA,SN,0.13603,ng/mg
39,NA,VM,0.135004,ng/mg
53,NA,A,0.405235,ng/mg
39,NA,aCC,0.334383,ng/mg
8,NA,S1R,0.282732,ng/mg
27,NA,S1L,0.247783,ng/mg
8,NA,S1L,0.20286,ng/mg
57,NA,MD,0.718887,ng/mg
18,NA,AC,0.190657,ng/mg
12,NA,OF,0.298991,ng/mg
18,NA,VM,0.213785,ng/mg
41,NA,VM,0.293423,ng/mg
18,NA,A,0.278627,ng/mg
12,NA,PL,0.212098,ng/mg
10,NA,CB,0.340513,ng/mg
10,NA,MR,0.31571,ng/mg
18,NA,vH,0.279226,ng/mg
57,NA,VPR,3.722376,ng/mg
41,NA,NAc,0.074908,ng/mg
18,NA,NAc,0.082541,ng/mg
10,NA,DR,0.529276,ng/mg
18,NA,dH,0.065041,ng/mg
18,NA,VM,0.16322,ng/mg
18,NA,S1L6L,0.191645,ng/mg
18,NA,S1L6R,0.218232,ng/mg
12,NA,S1R,0.271484,ng/mg
18,NA,aCC,0.285852,ng/mg
41,NA,DL,0.080362,ng/mg
18,NA,IC,0.233352,ng/mg
12,NA,SJ,0.064909,ng/mg
18,NA,VM,0.223115,ng/mg
41,NA,DM,0.143284,ng/mg
12,NA,VM,0.228003,ng/mg
18,NA,SJ,0.110559,ng/mg
41,NA,VL,0.136846,ng/mg
18,NA,S1R,0.24299,ng/mg
12,NA,IC,0.190498,ng/mg
18,NA,S1L,0.278256,ng/mg
12,NA,aCC,0.266535,ng/mg
57,NA,DL,0.072259,ng/mg
18,NA,PL,0.124072,ng/mg
18,NA,DM,0.163136,ng/mg
41,NA,vH,0.406486,ng/mg
41,NA,VM,0.208893,ng/mg
18,NA,VTA,0.295282,ng/mg
10,NA,VPR,0.106904,ng/mg
18,NA,DR,0.79676,ng/mg
10,NA,MD,0.371061,ng/mg
57,NA,HY,0.529025,ng/mg
18,NA,SN,0.149275,ng/mg
18,NA,MR,0.453852,ng/mg
18,NA,CB,0.258881,ng/mg
10,NA,DL,0.102357,ng/mg
19,NA,OF,0.201924,ng/mg
10,NA,VL,0.152119,ng/mg
19,NA,PL,0.080662,ng/mg
41,NA,S1L6L,0.171244,ng/mg
41,NA,AC,0.208222,ng/mg
10,NA,VTA,0.594345,ng/mg
10,NA,VPL,0.294798,ng/mg
57,NA,DLG,0.181333,ng/mg
18,NA,VL,0.139389,ng/mg
10,NA,SN,0.143731,ng/mg
18,NA,DL,0.121447,ng/mg
57,NA,VPL,0.18,ng/mg
18,NA,MD,0.905613,ng/mg
10,NA,SC,0.231633,ng/mg
18,NA,SC,0.257718,ng/mg
41,NA,dH,0.139465,ng/mg
18,NA,VPL,0.224293,ng/mg
10,NA,HY,0.682046,ng/mg
18,NA,DLG,0.215621,ng/mg
10,NA,DLG,0.220526,ng/mg
41,NA,A,0.338527,ng/mg
18,NA,HY,0.235438,ng/mg
18,NA,VPR,0.090987,ng/mg
19,NA,aCC,0.265107,ng/mg
57,NA,VL,0.142449,ng/mg
41,NA,MD,0.536924,ng/mg
57,NA,dH,0.087353,ng/mg
16,NA,S1L6R,0.172474,ng/mg
12,NA,VPR,0.158584,ng/mg
16,NA,S1L6L,0.168156,ng/mg
41,NA,VTA,0.424473,ng/mg
16,NA,AC,0.151822,ng/mg
16,NA,S1L,0.202864,ng/mg
12,NA,MD,0.271235,ng/mg
12,NA,DL,0.104164,ng/mg
57,NA,vH,0.271141,ng/mg
16,NA,A,0.267698,ng/mg
41,NA,SN,0.205878,ng/mg
16,NA,dH,0.119306,ng/mg
12,NA,VL,0.123637,ng/mg
16,NA,VM,0.273916,ng/mg
16,NA,vH,0.26144,ng/mg
41,NA,DR,0.800939,ng/mg
16,NA,S1R,0.293426,ng/mg
65,NA,CB,0.39238,ng/mg
16,NA,OF,0.336364,ng/mg
12,NA,SN,0.187803,ng/mg
41,NA,CB,0.355723,ng/mg
16,NA,PL,0.24614,ng/mg
12,NA,SC,0.214253,ng/mg
12,NA,VPL,0.243095,ng/mg
16,NA,aCC,0.330802,ng/mg
16,NA,IC,0.309295,ng/mg
12,NA,HY,0.304506,ng/mg
41,NA,MR,0.189921,ng/mg
16,NA,VM,0.244707,ng/mg
16,NA,SJ,0.111697,ng/mg
12,NA,DLG,0.180717,ng/mg
57,NA,A,0.250911,ng/mg
18,NA,OF,0.301095,ng/mg
12,NA,DM,0.105916,ng/mg
41,NA,SC,0.257222,ng/mg
12,NA,VM,0.22205,ng/mg
41,NA,VPL,0.218827,ng/mg
16,NA,SC,0.207296,ng/mg
12,NA,AC,0.167511,ng/mg
16,NA,SN,0.161161,ng/mg
57,NA,DM,0.129621,ng/mg
16,NA,HY,0.386894,ng/mg
16,NA,VTA,0.271415,ng/mg
41,NA,VPR,0.141027,ng/mg
16,NA,DR,0.473338,ng/mg
16,NA,MR,0.161775,ng/mg
12,NA,S1L6R,0.217511,ng/mg
16,NA,CB,0.342211,ng/mg
12,NA,S1L,0.186374,ng/mg
12,NA,S1L6L,0.153268,ng/mg
16,NA,NAc,0.11632,ng/mg
16,NA,DLG,0.175623,ng/mg
16,NA,VPL,0.206833,ng/mg
16,NA,VM,0.482784,ng/mg
12,NA,VM,0.212468,ng/mg
57,NA,NAc,0.107619,ng/mg
16,NA,DM,0.51218,ng/mg
12,NA,NAc,0.104378,ng/mg
16,NA,VL,0.236683,ng/mg
12,NA,A,0.331838,ng/mg
41,NA,HY,0.252649,ng/mg
12,NA,vH,0.295715,ng/mg
16,NA,MD,0.305637,ng/mg
12,NA,dH,0.168306,ng/mg
16,NA,VPR,0.110893,ng/mg
57,NA,VM,0.245597,ng/mg
41,NA,DLG,0.302558,ng/mg
16,NA,DL,0.08281,ng/mg
10,NA,DM,0.319032,ng/mg
57,NA,SC,0.243979,ng/mg
19,NA,IC,0.236573,ng/mg
8,NA,VPR,0.1046,ng/mg
22,NA,NAc,0.1544,ng/mg
21,NA,IC,0.317235,ng/mg
35,NA,SC,0.199025,ng/mg
22,NA,VM,0.213332,ng/mg
8,NA,MD,0.280305,ng/mg
22,NA,vH,0.333849,ng/mg
22,NA,DM,NA,ng/mg
8,NA,DL,0.099788,ng/mg
35,NA,HY,0.435134,ng/mg
22,NA,DL,0.01456,ng/mg
8,NA,VL,0.141707,ng/mg
22,NA,MD,0.322255,ng/mg
21,NA,VM,0.288647,ng/mg
22,NA,VL,0.243946,ng/mg
22,NA,VPR,0.138205,ng/mg
8,NA,VPL,0.2925,ng/mg
35,NA,SN,0.159763,ng/mg
22,NA,S1R,0.369084,ng/mg
35,NA,DR,0.623395,ng/mg
22,NA,S1L,0.260021,ng/mg
8,NA,SN,0.180386,ng/mg
22,NA,S1L6R,0.146769,ng/mg
8,NA,SC,0.199672,ng/mg
22,NA,dH,0.164969,ng/mg
22,NA,S1L6L,0.190569,ng/mg
22,NA,AC,0.132407,ng/mg
8,NA,HY,0.315848,ng/mg
21,NA,aCC,0.324726,ng/mg
22,NA,VM,0.220428,ng/mg
8,NA,DLG,0.230354,ng/mg
22,NA,A,0.328496,ng/mg
35,NA,VTA,0.152806,ng/mg
21,NA,PL,0.223384,ng/mg
8,NA,DM,0.330593,ng/mg
22,NA,VPL,0.220051,ng/mg
27,NA,OF,0.170151,ng/mg
8,NA,VM,0.263975,ng/mg
27,NA,PL,0.143104,ng/mg
8,NA,AC,0.199766,ng/mg
27,NA,aCC,0.30455,ng/mg
35,NA,DL,0.070455,ng/mg
35,NA,MD,0.140185,ng/mg
27,NA,IC,0.284454,ng/mg
21,NA,S1L,0.228032,ng/mg
27,NA,VM,0.115855,ng/mg
8,NA,S1L6R,0.204033,ng/mg
27,NA,SJ,0.050958,ng/mg
35,NA,VL,0.21478,ng/mg
27,NA,S1R,0.392042,ng/mg
8,NA,S1L6L,0.177516,ng/mg
35,NA,DLG,0.066194,ng/mg
22,NA,CB,0.32838,ng/mg
8,NA,A,0.308631,ng/mg
22,NA,DLG,0.273572,ng/mg
8,NA,VM,0.373153,ng/mg
22,NA,HY,0.245111,ng/mg
8,NA,NAc,0.140428,ng/mg
35,NA,VPL,0.149542,ng/mg
22,NA,SC,0.142827,ng/mg
21,NA,S1R,0.295729,ng/mg
21,NA,SJ,0.166715,ng/mg
8,NA,vH,0.249719,ng/mg
22,NA,VTA,0.269507,ng/mg
35,NA,VPR,0.034719,ng/mg
22,NA,DR,0.441368,ng/mg
8,NA,dH,0.153455,ng/mg
22,NA,MR,NA,ng/mg
22,NA,SN,0.235448,ng/mg
8,NA,VTA,0.369415,ng/mg
22,NA,SJ,0.169149,ng/mg
8,NA,DR,0.609803,ng/mg
19,NA,A,0.287126,ng/mg
57,NA,VTA,0.387601,ng/mg
19,NA,dH,0.126956,ng/mg
10,NA,AC,0.223007,ng/mg
41,NA,SJ,0.135008,ng/mg
19,NA,vH,0.379181,ng/mg
10,NA,VM,0.232862,ng/mg
19,NA,NAc,0.106187,ng/mg
19,NA,VM,0.189882,ng/mg
10,NA,S1L6R,0.152839,ng/mg
41,NA,VM,0.17742,ng/mg
19,NA,DM,0.095056,ng/mg
57,NA,DR,0.896999,ng/mg
19,NA,VL,0.196824,ng/mg
10,NA,S1L6L,0.270564,ng/mg
10,NA,S1L,0.295929,ng/mg
19,NA,VM,0.196806,ng/mg
10,NA,A,0.318009,ng/mg
10,NA,VM,0.304373,ng/mg
19,NA,VM,0.146826,ng/mg
41,NA,S1L6R,0.162844,ng/mg
19,NA,SJ,0.058242,ng/mg
10,NA,NAc,0.09826,ng/mg
19,NA,S1R,0.351552,ng/mg
41,NA,S1R,0.290664,ng/mg
10,NA,vH,0.316666,ng/mg
57,NA,SN,0.313717,ng/mg
41,NA,S1L,0.186471,ng/mg
19,NA,S1L6R,0.257581,ng/mg
10,NA,dH,0.189854,ng/mg
19,NA,S1L6L,0.224628,ng/mg
19,NA,AC,0.195988,ng/mg
19,NA,S1L,0.34987,ng/mg
19,NA,DL,0.059046,ng/mg
41,NA,IC,0.272547,ng/mg
19,NA,MD,0.528695,ng/mg
19,NA,MR,0.274031,ng/mg
10,NA,OF,0.375974,ng/mg
19,NA,CB,0.294854,ng/mg
38,NA,CB,0.382427,ng/mg
22,NA,OF,0.263387,ng/mg
8,NA,CB,0.327469,ng/mg
41,NA,OF,0.255876,ng/mg
35,NA,CB,0.203585,ng/mg
21,NA,OF,0.262312,ng/mg
22,NA,aCC,0.26356,ng/mg
8,NA,MR,0.147344,ng/mg
22,NA,IC,0.290189,ng/mg
35,NA,MR,0.165199,ng/mg
22,NA,VM,0.220844,ng/mg
22,NA,PL,0.168049,ng/mg
19,NA,DR,0.925225,ng/mg
10,NA,PL,0.148371,ng/mg
19,NA,VTA,0.280264,ng/mg
10,NA,S1R,0.212724,ng/mg
19,NA,VPR,0.0573,ng/mg
10,NA,SJ,0.155222,ng/mg
57,NA,MR,0.327995,ng/mg
19,NA,VPL,0.147926,ng/mg
41,NA,aCC,0.306231,ng/mg
19,NA,DLG,0.264679,ng/mg
10,NA,VM,0.287356,ng/mg
19,NA,HY,0.420206,ng/mg
10,NA,IC,0.228606,ng/mg
19,NA,SC,0.306352,ng/mg
41,NA,PL,0.165558,ng/mg
19,NA,SN,0.152461,ng/mg
10,NA,aCC,0.454585,ng/mg
57,NA,CB,0.394203,ng/mg
50,NA,VL,0.202274,ng/mg
14,NA,A,0.433081,ng/mg
46,NA,VM,0.350791,ng/mg
11,NA,OF,0.275959,ng/mg
28,NA,MR,0.229152,ng/mg
36,NA,MD,0.416037,ng/mg
44,NA,MD,0.381113,ng/mg
7,NA,VM,0.190482,ng/mg
28,NA,DR,0.699717,ng/mg
23,NA,PL,0.112553,ng/mg
17,NA,PL,0.004315,ng/mg
28,NA,VTA,0.230242,ng/mg
61,NA,VM,0.218781,ng/mg
69,NA,S1L6R,0.220717,ng/mg
23,NA,OF,0.19586,ng/mg
23,NA,aCC,0.297394,ng/mg
7,NA,SJ,0.112453,ng/mg
36,NA,DL,0.076805,ng/mg
9,NA,NAc,0.122678,ng/mg
28,NA,SC,0.109238,ng/mg
23,NA,IC,0.270907,ng/mg
40,NA,vH,0.241489,ng/mg
28,NA,HY,0.370047,ng/mg
61,NA,A,0.428157,ng/mg
7,NA,S1R,0.351953,ng/mg
44,NA,DL,0.100614,ng/mg
28,NA,SN,0.154526,ng/mg
24,NA,SN,0.276763,ng/mg
61,NA,AC,0.240389,ng/mg
28,NA,CB,0.380712,ng/mg
61,NA,S1L6R,0.244954,ng/mg
36,NA,VPL,0.115432,ng/mg
40,NA,dH,0.123922,ng/mg
32,NA,VM,0.210322,ng/mg
7,NA,PL,0.217172,ng/mg
70,NA,DR,0.278772,ng/mg
32,NA,IC,0.221482,ng/mg
11,NA,CB,0.218673,ng/mg
44,NA,PL,0.112911,ng/mg
44,NA,VPR,0.081003,ng/mg
32,NA,aCC,0.265535,ng/mg
69,NA,S1L6L,0.238792,ng/mg
61,NA,S1L6L,0.155875,ng/mg
9,NA,VM,0.280206,ng/mg
70,NA,MR,0.203354,ng/mg
32,NA,PL,0.141288,ng/mg
7,NA,aCC,0.230824,ng/mg
36,NA,VPR,0.153115,ng/mg
70,NA,CB,0.31162,ng/mg
32,NA,OF,0.297328,ng/mg
66,NA,SC,0.306474,ng/mg
17,NA,OF,0.160976,ng/mg
7,NA,IC,0.258823,ng/mg
28,NA,DLG,0.140401,ng/mg
32,NA,SJ,0.085444,ng/mg
23,NA,VM,0.190381,ng/mg
36,NA,VL,0.204794,ng/mg
23,NA,S1L6L,0.200204,ng/mg
44,NA,aCC,0.262076,ng/mg
28,NA,NAc,0.065954,ng/mg
61,NA,NAc,0.118947,ng/mg
40,NA,NAc,0.128548,ng/mg
69,NA,S1R,0.384756,ng/mg
28,NA,vH,0.265027,ng/mg
44,NA,DM,0.170843,ng/mg
23,NA,AC,0.182099,ng/mg
28,NA,dH,0.111665,ng/mg
7,NA,AC,0.14338,ng/mg
7,NA,VM,0.239578,ng/mg
23,NA,VM,0.183076,ng/mg
36,NA,NAc,0.131856,ng/mg
28,NA,A,0.380616,ng/mg
61,NA,VM,0.229313,ng/mg
7,NA,A,0.306134,ng/mg
28,NA,VM,0.237602,ng/mg
66,NA,S1L6R,0.239983,ng/mg
23,NA,A,0.252061,ng/mg
28,NA,AC,0.148978,ng/mg
40,NA,VPL,0.220212,ng/mg
17,NA,VM,0.109289,ng/mg
36,NA,VM,0.35091,ng/mg
28,NA,VM,0.247054,ng/mg
24,NA,HY,0.586251,ng/mg
31,NA,SC,0.26842,ng/mg
28,NA,VPL,0.142143,ng/mg
23,NA,SJ,0.149388,ng/mg
7,NA,S1L,0.233072,ng/mg
17,NA,aCC,0.107767,ng/mg
28,NA,VPR,0.091047,ng/mg
61,NA,dH,0.141493,ng/mg
69,NA,S1L,0.213313,ng/mg
28,NA,MD,0.856624,ng/mg
7,NA,S1L6R,0.14842,ng/mg
23,NA,S1R,0.311335,ng/mg
24,NA,SC,0.163623,ng/mg
9,NA,vH,0.241072,ng/mg
28,NA,DL,0.087465,ng/mg
36,NA,DM,0.106909,ng/mg
44,NA,VL,0.227968,ng/mg
23,NA,S1L,0.31071,ng/mg
28,NA,VL,0.219599,ng/mg
7,NA,S1L6L,0.152959,ng/mg
61,NA,vH,0.190371,ng/mg
17,NA,IC,0.157706,ng/mg
28,NA,DM,0.207628,ng/mg
23,NA,S1L6R,0.231582,ng/mg
66,NA,S1L6L,0.197583,ng/mg
7,NA,OF,0.236073,ng/mg
70,NA,VTA,0.249269,ng/mg
66,NA,MD,0.545626,ng/mg
36,NA,DR,0.826379,ng/mg
32,NA,SC,0.141274,ng/mg
70,NA,NAc,0.164806,ng/mg
32,NA,HY,0.552007,ng/mg
5,NA,VPL,0.122296,ng/mg
40,NA,VM,0.193141,ng/mg
9,NA,VL,0.176136,ng/mg
32,NA,DLG,0.274616,ng/mg
11,NA,SN,0.193376,ng/mg
61,NA,aCC,0.332985,ng/mg
70,NA,vH,0.330459,ng/mg
5,NA,DLG,0.075946,ng/mg
32,NA,VPL,0.160208,ng/mg
40,NA,DLG,0.237951,ng/mg
36,NA,VTA,0.257719,ng/mg
44,NA,SC,0.159595,ng/mg
32,NA,VPR,0.070006,ng/mg
70,NA,DM,NA,ng/mg
69,NA,A,0.401984,ng/mg
24,NA,MR,0.34728,ng/mg
32,NA,MD,0.372421,ng/mg
61,NA,IC,0.271069,ng/mg
70,NA,VM,0.237126,ng/mg
61,NA,PL,0.144658,ng/mg
44,NA,OF,0.29145,ng/mg
5,NA,VPR,0.045042,ng/mg
11,NA,HY,0.051441,ng/mg
58,NA,CB,0.376574,ng/mg
36,NA,CB,0.287419,ng/mg
59,NA,OF,0.338812,ng/mg
44,NA,VTA,0.298309,ng/mg
70,NA,VM,0.201117,ng/mg
5,NA,DL,0.071817,ng/mg
32,NA,CB,0.244931,ng/mg
24,NA,NAc,0.09886,ng/mg
66,NA,HY,0.805581,ng/mg
24,NA,CB,0.359579,ng/mg
70,NA,A,0.289352,ng/mg
32,NA,MR,0.344908,ng/mg
61,NA,OF,0.312405,ng/mg
11,NA,SC,0.177577,ng/mg
5,NA,MD,0.148765,ng/mg
32,NA,DR,0.826363,ng/mg
36,NA,MR,0.279873,ng/mg
70,NA,dH,0.187207,ng/mg
32,NA,VTA,0.358837,ng/mg
69,NA,dH,0.160543,ng/mg
44,NA,SN,0.209005,ng/mg
32,NA,SN,0.158261,ng/mg
70,NA,VL,0.16477,ng/mg
5,NA,HY,0.172217,ng/mg
32,NA,DL,0.060156,ng/mg
66,NA,VM,0.229633,ng/mg
44,NA,DLG,0.249953,ng/mg
70,NA,DLG,0.260884,ng/mg
32,NA,VM,0.200135,ng/mg
36,NA,HY,1.459787,ng/mg
61,NA,S1R,0.321547,ng/mg
32,NA,AC,0.226471,ng/mg
31,NA,HY,0.283508,ng/mg
70,NA,HY,0.589895,ng/mg
5,NA,MR,0.153952,ng/mg
32,NA,S1L6L,0.207569,ng/mg
11,NA,MR,0.273113,ng/mg
69,NA,AC,0.143376,ng/mg
24,NA,VTA,0.284466,ng/mg
70,NA,SC,0.303629,ng/mg
32,NA,S1L6R,0.218408,ng/mg
66,NA,AC,0.162222,ng/mg
61,NA,S1L,0.242358,ng/mg
5,NA,CB,0.134833,ng/mg
32,NA,S1L,0.153551,ng/mg
44,NA,VPL,0.150212,ng/mg
70,NA,SN,0.324358,ng/mg
36,NA,DLG,0.102029,ng/mg
32,NA,S1R,0.295102,ng/mg
32,NA,A,0.352315,ng/mg
44,NA,VM,0.348029,ng/mg
5,NA,DR,0.388598,ng/mg
24,NA,DR,0.710729,ng/mg
11,NA,VTA,0.270412,ng/mg
5,NA,SC,0.192912,ng/mg
36,NA,SN,0.151295,ng/mg
32,NA,VL,0.143793,ng/mg
70,NA,DL,0.042105,ng/mg
32,NA,DM,0.14924,ng/mg
61,NA,VM,0.131704,ng/mg
44,NA,HY,0.179253,ng/mg
32,NA,VM,0.302634,ng/mg
5,NA,SN,0.153017,ng/mg
70,NA,MD,0.511934,ng/mg
31,NA,DLG,0.159005,ng/mg
11,NA,DR,0.638892,ng/mg
32,NA,NAc,0.085391,ng/mg
70,NA,VPR,0.116949,ng/mg
36,NA,SC,0.169906,ng/mg
69,NA,VM,0.249426,ng/mg
32,NA,vH,0.250334,ng/mg
61,NA,SJ,0.088274,ng/mg
5,NA,VTA,0.142009,ng/mg
32,NA,dH,0.134595,ng/mg
40,NA,A,0.374778,ng/mg
70,NA,VPL,0.290444,ng/mg
9,NA,DM,NA,ng/mg
17,NA,SJ,0.037217,ng/mg
28,NA,S1L6L,0.157339,ng/mg
61,NA,DM,0.111755,ng/mg
64,NA,S1L,0.278991,ng/mg
20,NA,SJ,0.051501,ng/mg
36,NA,VM,0.182048,ng/mg
40,NA,DL,0.075971,ng/mg
24,NA,VM,0.247653,ng/mg
17,NA,dH,0.150175,ng/mg
20,NA,VM,0.195532,ng/mg
61,NA,MR,0.171309,ng/mg
7,NA,CB,0.310672,ng/mg
44,NA,VM,0.156188,ng/mg
7,NA,MR,0.209458,ng/mg
20,NA,IC,0.169985,ng/mg
36,NA,IC,0.24622,ng/mg
9,NA,OF,0.307531,ng/mg
20,NA,aCC,0.223336,ng/mg
44,NA,S1L6R,0.172941,ng/mg
24,NA,S1R,0.313995,ng/mg
66,NA,SJ,0.111711,ng/mg
17,NA,vH,0.189664,ng/mg
20,NA,PL,0.09158,ng/mg
61,NA,CB,0.355212,ng/mg
31,NA,DR,0.784216,ng/mg
24,NA,SJ,0.140298,ng/mg
24,NA,IC,0.162967,ng/mg
20,NA,S1R,0.218942,ng/mg
44,NA,S1L6L,0.166624,ng/mg
23,NA,CB,0.359527,ng/mg
20,NA,A,0.353686,ng/mg
36,NA,S1R,0.381185,ng/mg
24,NA,DL,0.100673,ng/mg
44,NA,AC,0.146838,ng/mg
20,NA,VM,0.243474,ng/mg
7,NA,VTA,0.282008,ng/mg
24,NA,OF,0.2861,ng/mg
9,NA,AC,0.174678,ng/mg
20,NA,AC,0.185556,ng/mg
61,NA,VTA,0.392195,ng/mg
24,NA,PL,0.178882,ng/mg
17,NA,A,0.233144,ng/mg
20,NA,S1L6L,0.206268,ng/mg
66,NA,VTA,0.298046,ng/mg
36,NA,SJ,0.040056,ng/mg
7,NA,DR,0.517735,ng/mg
20,NA,S1L6R,0.157487,ng/mg
24,NA,aCC,0.328765,ng/mg
69,NA,OF,0.302505,ng/mg
24,NA,VL,0.105231,ng/mg
20,NA,S1L,0.241121,ng/mg
61,NA,DR,0.564923,ng/mg
66,NA,CB,0.366373,ng/mg
20,NA,OF,0.199217,ng/mg
24,NA,S1L,0.236846,ng/mg
9,NA,S1L6L,0.190467,ng/mg
17,NA,DLG,0.076292,ng/mg
17,NA,VM,0.056455,ng/mg
66,NA,aCC,0.250547,ng/mg
24,NA,A,0.379293,ng/mg
36,NA,OF,0.170921,ng/mg
17,NA,VPL,0.134921,ng/mg
9,NA,SJ,0.109632,ng/mg
31,NA,MR,0.29918,ng/mg
24,NA,dH,0.107719,ng/mg
17,NA,VPR,0.038014,ng/mg
24,NA,VM,0.363168,ng/mg
9,NA,S1R,0.277436,ng/mg
66,NA,VM,0.221132,ng/mg
17,NA,MD,0.3721,ng/mg
66,NA,IC,0.240443,ng/mg
24,NA,vH,0.342568,ng/mg
31,NA,CB,0.285383,ng/mg
17,NA,DL,0.098993,ng/mg
66,NA,DR,0.585986,ng/mg
17,NA,DM,0.098092,ng/mg
9,NA,S1L,0.24008,ng/mg
44,NA,SJ,0.087313,ng/mg
17,NA,VL,0.313391,ng/mg
44,NA,S1R,0.356228,ng/mg
61,NA,SN,0.189661,ng/mg
9,NA,S1L6R,0.195445,ng/mg
24,NA,VM,0.207623,ng/mg
17,NA,CB,0.197776,ng/mg
9,NA,PL,0.154764,ng/mg
24,NA,DM,0.173413,ng/mg
24,NA,S1L6R,0.148466,ng/mg
36,NA,aCC,0.314396,ng/mg
17,NA,MR,0.216448,ng/mg
9,NA,aCC,0.269366,ng/mg
66,NA,OF,0.400393,ng/mg
17,NA,DR,0.525291,ng/mg
40,NA,VPR,0.085486,ng/mg
44,NA,S1L,0.216407,ng/mg
24,NA,S1L6L,0.124573,ng/mg
17,NA,VTA,0.140624,ng/mg
36,NA,PL,0.089336,ng/mg
9,NA,IC,0.304808,ng/mg
24,NA,AC,0.157315,ng/mg
17,NA,SN,0.166202,ng/mg
66,NA,PL,0.112479,ng/mg
17,NA,NAc,0.081028,ng/mg
40,NA,MD,0.663755,ng/mg
66,NA,MR,0.327459,ng/mg
17,NA,SC,0.128289,ng/mg
9,NA,VM,0.249917,ng/mg
17,NA,HY,0.210002,ng/mg
59,NA,PL,0.151596,ng/mg
7,NA,SN,0.170777,ng/mg
69,NA,PL,0.2378,ng/mg
24,NA,VPL,0.170726,ng/mg
36,NA,A,0.257127,ng/mg
69,NA,VM,0.208704,ng/mg
17,NA,S1L,0.185738,ng/mg
28,NA,PL,0.13607,ng/mg
23,NA,VL,0.132716,ng/mg
7,NA,DM,0.467922,ng/mg
31,NA,SN,0.100248,ng/mg
28,NA,OF,0.262696,ng/mg
61,NA,MD,0.448955,ng/mg
28,NA,aCC,0.236389,ng/mg
44,NA,vH,0.285169,ng/mg
20,NA,CB,0.319652,ng/mg
23,NA,DL,0.109583,ng/mg
7,NA,VL,0.138616,ng/mg
36,NA,VM,0.230472,ng/mg
20,NA,MR,0.254116,ng/mg
66,NA,S1L,0.331225,ng/mg
23,NA,MD,0.552668,ng/mg
7,NA,DL,0.143323,ng/mg
20,NA,DR,0.637146,ng/mg
61,NA,VPR,0.107185,ng/mg
9,NA,A,0.379167,ng/mg
23,NA,DM,0.179251,ng/mg
66,NA,SN,0.234634,ng/mg
61,NA,DL,0.082899,ng/mg
7,NA,dH,0.07587,ng/mg
36,NA,vH,0.257987,ng/mg
23,NA,dH,0.062229,ng/mg
28,NA,S1L6R,0.128662,ng/mg
69,NA,SJ,0.240946,ng/mg
23,NA,vH,0.255975,ng/mg
24,NA,DLG,0.340177,ng/mg
28,NA,S1L,0.237851,ng/mg
7,NA,vH,0.17061,ng/mg
36,NA,dH,0.15717,ng/mg
28,NA,S1R,0.188244,ng/mg
61,NA,VL,0.148086,ng/mg
23,NA,NAc,0.107123,ng/mg
28,NA,SJ,0.048473,ng/mg
9,NA,dH,0.122592,ng/mg
7,NA,NAc,0.11383,ng/mg
40,NA,VM,0.258532,ng/mg
44,NA,NAc,0.089209,ng/mg
17,NA,S1R,0.269464,ng/mg
28,NA,VM,0.12783,ng/mg
23,NA,VM,0.214643,ng/mg
7,NA,VM,0.337386,ng/mg
28,NA,IC,0.291905,ng/mg
17,NA,S1L6R,0.083864,ng/mg
20,NA,VTA,0.186635,ng/mg
23,NA,VPR,0.060869,ng/mg
36,NA,AC,0.151984,ng/mg
24,NA,MD,0.233189,ng/mg
23,NA,SN,0.18399,ng/mg
20,NA,DL,0.078769,ng/mg
61,NA,HY,0.535354,ng/mg
7,NA,DLG,0.248565,ng/mg
17,NA,AC,0.137698,ng/mg
36,NA,S1L6R,0.186977,ng/mg
20,NA,VL,0.191717,ng/mg
7,NA,HY,0.208306,ng/mg
23,NA,VTA,0.226286,ng/mg
20,NA,DM,0.130322,ng/mg
44,NA,VM,0.183427,ng/mg
36,NA,S1L,0.305168,ng/mg
20,NA,VM,0.162216,ng/mg
61,NA,SC,0.236559,ng/mg
40,NA,VL,0.165331,ng/mg
23,NA,DR,1.100631,ng/mg
7,NA,SC,0.197255,ng/mg
20,NA,NAc,0.082749,ng/mg
66,NA,S1R,0.292236,ng/mg
23,NA,MR,0.452565,ng/mg
17,NA,VM,0.130953,ng/mg
20,NA,vH,0.247309,ng/mg
69,NA,aCC,0.30957,ng/mg
20,NA,dH,0.207178,ng/mg
20,NA,MD,0.287246,ng/mg
44,NA,A,0.336508,ng/mg
69,NA,IC,0.206326,ng/mg
20,NA,SN,0.109352,ng/mg
44,NA,dH,0.135272,ng/mg
23,NA,VPL,0.255051,ng/mg
7,NA,MD,0.738999,ng/mg
20,NA,SC,0.145361,ng/mg
61,NA,VPL,0.195972,ng/mg
40,NA,DM,0.256557,ng/mg
24,NA,VPR,0.064228,ng/mg
20,NA,HY,0.386022,ng/mg
23,NA,DLG,0.197836,ng/mg
44,NA,IC,0.283842,ng/mg
20,NA,DLG,0.135084,ng/mg
7,NA,VPR,0.097564,ng/mg
36,NA,S1L6L,0.186036,ng/mg
23,NA,HY,0.372585,ng/mg
17,NA,S1L6L,0.1268,ng/mg
7,NA,VPL,0.245259,ng/mg
20,NA,VPL,0.108222,ng/mg
61,NA,DLG,0.204379,ng/mg
31,NA,VTA,0.242112,ng/mg
20,NA,VPR,0.074111,ng/mg
9,NA,VM,0.258621,ng/mg
23,NA,SC,0.20874,ng/mg
70,NA,AC,0.170044,ng/mg
9,NA,DL,0.105309,ng/mg
5,NA,VL,0.232613,ng/mg
64,NA,MR,0.28692,ng/mg
13,NA,S1L6R,0.222632,ng/mg
58,NA,S1L,0.268388,ng/mg
31,NA,DM,0.176098,ng/mg
13,NA,S1L,0.321264,ng/mg
2,NA,DM,0.072051,ng/mg
64,NA,CB,0.484198,ng/mg
66,NA,DM,0.115024,ng/mg
38,NA,DL,NA,ng/mg
13,NA,S1R,0.29047,ng/mg
38,NA,MD,0.605665,ng/mg
2,NA,VL,0.111409,ng/mg
13,NA,SJ,0.096938,ng/mg
9,NA,SN,0.092934,ng/mg
58,NA,S1L6R,0.229268,ng/mg
68,NA,OF,0.329817,ng/mg
13,NA,VM,0.195419,ng/mg
11,NA,S1L6L,0.178892,ng/mg
69,NA,HY,0.821222,ng/mg
68,NA,PL,0.09885,ng/mg
13,NA,IC,0.255017,ng/mg
2,NA,DL,0.091686,ng/mg
50,NA,AC,0.152515,ng/mg
2,NA,VM,0.03467,ng/mg
13,NA,S1L6L,0.276736,ng/mg
11,NA,S1L6R,0.159939,ng/mg
13,NA,NAc,0.105233,ng/mg
50,NA,A,0.347288,ng/mg
64,NA,SC,0.315964,ng/mg
38,NA,VPL,0.155139,ng/mg
13,NA,vH,0.211189,ng/mg
58,NA,SJ,0.091977,ng/mg
11,NA,S1L,0.190375,ng/mg
2,NA,vH,0.218823,ng/mg
13,NA,dH,0.159849,ng/mg
38,NA,VPR,0.1046,ng/mg
64,NA,SN,0.166187,ng/mg
40,NA,IC,0.274528,ng/mg
31,NA,AC,0.190444,ng/mg
13,NA,A,0.3905,ng/mg
2,NA,NAc,0.091236,ng/mg
64,NA,VTA,0.337962,ng/mg
13,NA,VM,0.218875,ng/mg
58,NA,S1R,0.377969,ng/mg
9,NA,VTA,0.201491,ng/mg
13,NA,AC,0.15367,ng/mg
69,NA,SC,0.178554,ng/mg
50,NA,VM,0.093485,ng/mg
64,NA,DR,0.75144,ng/mg
31,NA,S1L6L,0.195826,ng/mg
38,NA,VL,0.183673,ng/mg
31,NA,VL,0.13027,ng/mg
13,NA,aCC,0.243944,ng/mg
38,NA,VM,0.373178,ng/mg
68,NA,S1R,0.442096,ng/mg
2,NA,DLG,0.04916,ng/mg
67,NA,SC,0.225001,ng/mg
68,NA,S1L,0.293225,ng/mg
66,NA,VPL,0.177836,ng/mg
38,NA,NAc,0.112347,ng/mg
67,NA,HY,0.379198,ng/mg
58,NA,A,0.317424,ng/mg
66,NA,VM,0.419283,ng/mg
2,NA,HY,0.167895,ng/mg
67,NA,DLG,0.247047,ng/mg
40,NA,SJ,0.163341,ng/mg
68,NA,S1L6R,0.252238,ng/mg
69,NA,VPL,0.27537,ng/mg
66,NA,A,0.354064,ng/mg
67,NA,VPL,0.220317,ng/mg
50,NA,S1L,0.420323,ng/mg
68,NA,S1L6L,0.225991,ng/mg
67,NA,VPR,0.027723,ng/mg
58,NA,dH,0.138611,ng/mg
2,NA,SC,0.046566,ng/mg
67,NA,MD,0.626049,ng/mg
67,NA,SN,0.185179,ng/mg
40,NA,SC,0.191103,ng/mg
50,NA,S1L6R,0.155745,ng/mg
58,NA,VM,0.100779,ng/mg
40,NA,VM,0.157487,ng/mg
58,NA,S1L6L,0.189325,ng/mg
68,NA,aCC,0.238332,ng/mg
13,NA,PL,0.193807,ng/mg
2,NA,MD,0.613701,ng/mg
50,NA,S1L6L,0.154109,ng/mg
11,NA,AC,0.168184,ng/mg
13,NA,OF,0.287938,ng/mg
68,NA,IC,0.276664,ng/mg
31,NA,S1L6R,0.151026,ng/mg
38,NA,DM,NA,ng/mg
2,NA,VPR,0.010117,ng/mg
67,NA,CB,0.462209,ng/mg
58,NA,AC,0.179735,ng/mg
68,NA,VM,0.197215,ng/mg
67,NA,MR,0.45193,ng/mg
69,NA,DLG,0.291883,ng/mg
40,NA,DR,0.666804,ng/mg
67,NA,DR,0.691918,ng/mg
2,NA,VPL,0.080048,ng/mg
68,NA,SJ,0.124238,ng/mg
11,NA,VM,0.220232,ng/mg
67,NA,VTA,0.490686,ng/mg
9,NA,SC,0.229621,ng/mg
68,NA,AC,0.198105,ng/mg
2,NA,dH,0.10505,ng/mg
13,NA,VM,0.226431,ng/mg
14,NA,VM,0.155852,ng/mg
69,NA,MR,0.301448,ng/mg
52,NA,MR,0.160531,ng/mg
2,NA,VM,0.103901,ng/mg
11,NA,aCC,0.295343,ng/mg
14,NA,IC,0.161393,ng/mg
31,NA,dH,0.107782,ng/mg
50,NA,VM,0.194317,ng/mg
64,NA,dH,0.125192,ng/mg
14,NA,aCC,0.160976,ng/mg
64,NA,A,0.305182,ng/mg
38,NA,VTA,0.318373,ng/mg
64,NA,vH,0.418302,ng/mg
14,NA,PL,0.089673,ng/mg
52,NA,CB,0.298048,ng/mg
66,NA,DL,0.093641,ng/mg
11,NA,IC,0.26001,ng/mg
14,NA,OF,0.215232,ng/mg
40,NA,PL,0.16556,ng/mg
9,NA,MR,0.20334,ng/mg
64,NA,NAc,0.138172,ng/mg
2,NA,S1R,0.181,ng/mg
2,NA,SJ,0.011389,ng/mg
38,NA,DR,0.502606,ng/mg
14,NA,SJ,0.029124,ng/mg
2,NA,IC,0.060155,ng/mg
14,NA,VM,0.153998,ng/mg
64,NA,S1L6R,0.273906,ng/mg
40,NA,OF,0.270309,ng/mg
69,NA,CB,0.374777,ng/mg
14,NA,AC,0.173968,ng/mg
31,NA,NAc,0.106829,ng/mg
2,NA,PL,0.018582,ng/mg
52,NA,VTA,0.296532,ng/mg
31,NA,vH,0.251253,ng/mg
14,NA,S1L6L,0.262992,ng/mg
64,NA,S1L6L,0.212793,ng/mg
38,NA,MR,0.199205,ng/mg
11,NA,PL,0.177133,ng/mg
14,NA,S1L6R,0.205686,ng/mg
50,NA,DM,0.122265,ng/mg
2,NA,aCC,0.158393,ng/mg
64,NA,AC,0.204938,ng/mg
14,NA,S1L,0.281941,ng/mg
52,NA,DR,0.36452,ng/mg
9,NA,CB,0.360884,ng/mg
40,NA,SN,0.193311,ng/mg
14,NA,S1R,0.29084,ng/mg
64,NA,VM,0.216667,ng/mg
13,NA,CB,0.348483,ng/mg
38,NA,SN,0.196287,ng/mg
50,NA,NAc,0.079591,ng/mg
13,NA,MR,0.282302,ng/mg
69,NA,VTA,0.324191,ng/mg
2,NA,AC,0.081405,ng/mg
40,NA,aCC,0.270075,ng/mg
13,NA,VPR,0.135921,ng/mg
64,NA,VPR,0.105132,ng/mg
31,NA,VM,0.18505,ng/mg
13,NA,MD,0.517268,ng/mg
2,NA,VM,0.044974,ng/mg
58,NA,IC,0.293284,ng/mg
50,NA,dH,0.157922,ng/mg
38,NA,DLG,0.229808,ng/mg
13,NA,DL,0.114119,ng/mg
64,NA,VPL,0.184815,ng/mg
66,NA,VL,0.172169,ng/mg
13,NA,VL,0.140528,ng/mg
64,NA,DLG,0.210256,ng/mg
11,NA,S1R,0.247124,ng/mg
2,NA,A,0.232891,ng/mg
13,NA,DM,0.122498,ng/mg
40,NA,VTA,0.259958,ng/mg
58,NA,VM,0.18697,ng/mg
66,NA,VPR,0.071691,ng/mg
69,NA,SN,0.235004,ng/mg
13,NA,VPL,0.160476,ng/mg
64,NA,HY,0.294689,ng/mg
11,NA,SJ,0.169996,ng/mg
58,NA,aCC,0.233747,ng/mg
58,NA,OF,0.241767,ng/mg
64,NA,VM,0.419296,ng/mg
13,NA,DR,0.652543,ng/mg
69,NA,DR,0.950413,ng/mg
2,NA,S1L,0.140555,ng/mg
64,NA,DM,0.143751,ng/mg
31,NA,VM,0.305015,ng/mg
13,NA,VTA,0.427814,ng/mg
11,NA,VM,0.253885,ng/mg
2,NA,S1L6R,0.072085,ng/mg
13,NA,SN,0.168812,ng/mg
38,NA,SC,0.138507,ng/mg
58,NA,PL,0.153152,ng/mg
64,NA,VL,0.162393,ng/mg
13,NA,SC,0.259775,ng/mg
31,NA,A,0.401872,ng/mg
50,NA,vH,0.180726,ng/mg
13,NA,HY,0.616609,ng/mg
64,NA,DL,0.100812,ng/mg
9,NA,DR,1.08514,ng/mg
2,NA,S1L6L,0.127208,ng/mg
38,NA,HY,0.366075,ng/mg
13,NA,DLG,0.139492,ng/mg
64,NA,MD,0.580121,ng/mg
31,NA,S1L,0.331018,ng/mg
11,NA,A,0.238807,ng/mg
2,NA,SN,0.126865,ng/mg
59,NA,VPR,0.148035,ng/mg
68,NA,MR,0.349145,ng/mg
9,NA,VPR,0.080899,ng/mg
59,NA,MD,0.771262,ng/mg
5,NA,S1L6L,0.164541,ng/mg
38,NA,SJ,0.091085,ng/mg
50,NA,OF,0.125704,ng/mg
59,NA,DL,NA,ng/mg
31,NA,aCC,0.254309,ng/mg
58,NA,HY,0.360257,ng/mg
69,NA,DM,0.178667,ng/mg
68,NA,CB,0.328261,ng/mg
59,NA,VL,0.202287,ng/mg
11,NA,MD,0.598155,ng/mg
70,NA,OF,0.285282,ng/mg
59,NA,DM,NA,ng/mg
40,NA,CB,0.32417,ng/mg
38,NA,VM,0.222903,ng/mg
5,NA,VM,0.064748,ng/mg
59,NA,VM,0.370428,ng/mg
66,NA,dH,0.165385,ng/mg
31,NA,VPR,0.086005,ng/mg
5,NA,AC,0.059417,ng/mg
58,NA,SC,0.241824,ng/mg
58,NA,DLG,0.222944,ng/mg
59,NA,VPL,0.229259,ng/mg
58,NA,VPR,0.097883,ng/mg
69,NA,VL,0.137165,ng/mg
59,NA,VTA,0.238253,ng/mg
68,NA,SC,0.265946,ng/mg
11,NA,VL,0.200514,ng/mg
5,NA,S1R,0.186497,ng/mg
38,NA,S1L,0.178944,ng/mg
38,NA,vH,0.266751,ng/mg
66,NA,DLG,0.248515,ng/mg
68,NA,SN,0.201464,ng/mg
11,NA,DL,0.015652,ng/mg
59,NA,SC,NA,ng/mg
5,NA,S1L,0.194423,ng/mg
59,NA,HY,0.479829,ng/mg
38,NA,S1R,0.226641,ng/mg
50,NA,PL,0.079546,ng/mg
68,NA,VTA,0.499495,ng/mg
59,NA,DLG,0.19893,ng/mg
40,NA,S1L6R,0.153246,ng/mg
5,NA,S1L6R,0.081012,ng/mg
31,NA,IC,0.182794,ng/mg
68,NA,DR,0.869272,ng/mg
58,NA,VPL,0.291736,ng/mg
70,NA,PL,0.167339,ng/mg
59,NA,NAc,0.152033,ng/mg
69,NA,VM,0.289134,ng/mg
70,NA,S1R,0.301049,ng/mg
59,NA,S1L,0.237802,ng/mg
58,NA,DR,0.684735,ng/mg
38,NA,PL,0.141073,ng/mg
59,NA,S1R,0.441333,ng/mg
70,NA,S1L,0.287603,ng/mg
5,NA,VM,0.07959,ng/mg
31,NA,VPL,0.115111,ng/mg
11,NA,DLG,0.269333,ng/mg
59,NA,SJ,0.115606,ng/mg
5,NA,NAc,0.099483,ng/mg
44,NA,DR,0.442902,ng/mg
70,NA,S1L6R,0.215433,ng/mg
59,NA,VM,0.169802,ng/mg
58,NA,MR,0.310736,ng/mg
31,NA,OF,0.271136,ng/mg
59,NA,IC,0.285188,ng/mg
5,NA,DM,0.111054,ng/mg
70,NA,S1L6L,0.168021,ng/mg
40,NA,AC,0.144481,ng/mg
69,NA,vH,0.338765,ng/mg
59,NA,aCC,0.266926,ng/mg
38,NA,OF,0.332104,ng/mg
59,NA,S1L6R,0.176593,ng/mg
11,NA,VPL,0.132452,ng/mg
70,NA,SJ,0.17064,ng/mg
5,NA,A,0.172596,ng/mg
44,NA,CB,0.421714,ng/mg
59,NA,vH,0.326036,ng/mg
70,NA,aCC,0.352064,ng/mg
38,NA,IC,0.179417,ng/mg
11,NA,VPR,0.135034,ng/mg
59,NA,dH,0.163314,ng/mg
58,NA,SN,0.270988,ng/mg
70,NA,IC,0.304097,ng/mg
40,NA,S1L6L,0.152728,ng/mg
59,NA,A,0.313515,ng/mg
5,NA,dH,0.099677,ng/mg
31,NA,PL,0.15873,ng/mg
59,NA,VM,0.17437,ng/mg
70,NA,VM,0.250579,ng/mg
38,NA,aCC,0.256778,ng/mg
59,NA,AC,0.143289,ng/mg
5,NA,vH,0.221793,ng/mg
58,NA,VTA,0.462805,ng/mg
44,NA,MR,0.359792,ng/mg
9,NA,MD,0.685962,ng/mg
59,NA,S1L6L,0.230143,ng/mg
69,NA,NAc,0.099145,ng/mg
59,NA,DR,0.485253,ng/mg
68,NA,HY,1.022333,ng/mg
59,NA,SN,0.169747,ng/mg
50,NA,aCC,0.32336,ng/mg
50,NA,SJ,0.029053,ng/mg
67,NA,A,0.316667,ng/mg
58,NA,VM,0.301043,ng/mg
40,NA,S1R,0.347393,ng/mg
68,NA,NAc,0.096347,ng/mg
67,NA,VM,0.247657,ng/mg
66,NA,NAc,0.189653,ng/mg
68,NA,VM,0.29539,ng/mg
67,NA,AC,0.217974,ng/mg
2,NA,CB,0.164421,ng/mg
38,NA,VM,0.177664,ng/mg
67,NA,S1L6L,0.231899,ng/mg
69,NA,MD,0.562969,ng/mg
58,NA,DM,0.106617,ng/mg
68,NA,DM,0.124834,ng/mg
5,NA,OF,0.098816,ng/mg
11,NA,NAc,0.09826,ng/mg
50,NA,VM,0.133368,ng/mg
67,NA,S1L,0.355389,ng/mg
68,NA,VL,0.120807,ng/mg
31,NA,SJ,0.224666,ng/mg
31,NA,DL,0.094939,ng/mg
5,NA,PL,0.034616,ng/mg
2,NA,MR,0.097799,ng/mg
67,NA,dH,0.130274,ng/mg
67,NA,DL,0.083812,ng/mg
68,NA,VM,0.223923,ng/mg
67,NA,VL,0.172643,ng/mg
58,NA,vH,0.306842,ng/mg
11,NA,dH,0.138738,ng/mg
67,NA,DM,0.110353,ng/mg
50,NA,S1R,0.312915,ng/mg
68,NA,A,0.384201,ng/mg
67,NA,VM,0.339318,ng/mg
9,NA,HY,0.342153,ng/mg
2,NA,VTA,0.074768,ng/mg
38,NA,dH,0.111695,ng/mg
68,NA,dH,0.031791,ng/mg
69,NA,VPR,0.09356,ng/mg
67,NA,NAc,0.098325,ng/mg
58,NA,NAc,0.103358,ng/mg
2,NA,DR,0.226609,ng/mg
67,NA,vH,0.194264,ng/mg
31,NA,S1R,0.338228,ng/mg
11,NA,vH,0.22766,ng/mg
68,NA,vH,0.329978,ng/mg
38,NA,A,0.267339,ng/mg
67,NA,S1R,0.334324,ng/mg
67,NA,S1L6R,0.208196,ng/mg
58,NA,VL,0.124373,ng/mg
67,NA,IC,0.276077,ng/mg
38,NA,S1L6L,0.131878,ng/mg
38,NA,S1L6R,0.12473,ng/mg
58,NA,MD,0.663879,ng/mg
58,NA,DL,0.088283,ng/mg
50,NA,IC,0.185891,ng/mg
69,NA,DL,0.095149,ng/mg
5,NA,IC,0.113633,ng/mg
40,NA,HY,0.458865,ng/mg
67,NA,aCC,0.254879,ng/mg
5,NA,VM,0.106191,ng/mg
68,NA,VPR,0.110528,ng/mg
31,NA,VM,0.193374,ng/mg
67,NA,PL,0.091378,ng/mg
40,NA,S1L,0.17269,ng/mg
68,NA,VPL,0.182611,ng/mg
11,NA,DM,0.234486,ng/mg
67,NA,OF,0.29748,ng/mg
9,NA,DLG,0.286695,ng/mg
68,NA,DLG,0.189718,ng/mg
59,NA,CB,0.340375,ng/mg
11,NA,VM,0.215374,ng/mg
31,NA,MD,0.676765,ng/mg
67,NA,SJ,0.153296,ng/mg
38,NA,AC,0.190694,ng/mg
5,NA,SJ,0.02953,ng/mg
40,NA,MR,0.234304,ng/mg
68,NA,DL,0.124717,ng/mg
59,NA,MR,0.363012,ng/mg
66,NA,vH,0.33182,ng/mg
67,NA,VM,0.168971,ng/mg
68,NA,MD,0.616033,ng/mg
9,NA,VPL,0.143081,ng/mg
5,NA,aCC,0.196284,ng/mg
8,DA,VM,3.757687,ng/mg
31,DA,MD,0.024611,ng/mg
31,DA,SC,0.054904,ng/mg
21,DA,PL,0.038931,ng/mg
8,DA,VL,7.982003,ng/mg
31,DA,VTA,0.177238,ng/mg
31,DA,NAc,2.168651,ng/mg
31,DA,VPL,0.049832,ng/mg
8,DA,DLG,0.009843,ng/mg
40,DA,DLG,0.009368,ng/mg
8,DA,VTA,0.5047,ng/mg
21,DA,VM,0.033485,ng/mg
8,DA,SC,0.076042,ng/mg
40,DA,SC,0.193259,ng/mg
40,DA,HY,0.082335,ng/mg
8,DA,VPR,0.049749,ng/mg
40,DA,VPR,0.007382,ng/mg
8,DA,dH,0.05518,ng/mg
21,DA,OF,0.034642,ng/mg
8,DA,DM,5.026152,ng/mg
31,DA,SN,0.015594,ng/mg
8,DA,DL,6.881829,ng/mg
8,DA,vH,0.036101,ng/mg
31,DA,VM,3.187409,ng/mg
21,DA,IC,0.635871,ng/mg
40,DA,VPL,0.017705,ng/mg
21,DA,SJ,0.005288,ng/mg
8,DA,A,0.420838,ng/mg
21,DA,aCC,0.0201,ng/mg
31,DA,DL,6.277943,ng/mg
31,DA,HY,0.24331,ng/mg
8,DA,MR,0.00696,ng/mg
8,DA,HY,0.075984,ng/mg
31,DA,DM,3.791911,ng/mg
8,DA,VPL,0.149425,ng/mg
8,DA,SN,0.074305,ng/mg
8,DA,DR,0.079118,ng/mg
31,DA,VPR,0.006865,ng/mg
31,DA,DR,0.059712,ng/mg
31,DA,DLG,0.004896,ng/mg
31,DA,VL,6.787456,ng/mg
8,DA,MD,0.028374,ng/mg
8,DA,VM,0.011898,ng/mg
8,DA,NAc,3.468107,ng/mg
31,DA,MR,0.049384,ng/mg
64,DA,S1L,0.017151,ng/mg
8,DA,AC,0.016878,ng/mg
40,DA,S1L,0.004445,ng/mg
53,DA,VM,4.193827,ng/mg
38,DA,S1L6R,0.491132,ng/mg
53,DA,NAc,1.763753,ng/mg
21,DA,SC,0.055487,ng/mg
53,DA,vH,NA,ng/mg
38,DA,S1L6L,0.746107,ng/mg
53,DA,dH,NA,ng/mg
38,DA,AC,0.012631,ng/mg
40,DA,S1R,0.005417,ng/mg
53,DA,A,0.444989,ng/mg
21,DA,SN,0.086897,ng/mg
38,DA,VM,0.013018,ng/mg
53,DA,VM,0.010023,ng/mg
53,DA,AC,0.021904,ng/mg
38,DA,A,0.163387,ng/mg
53,DA,S1L6L,0.3725,ng/mg
38,DA,dH,NA,ng/mg
40,DA,SJ,0.006218,ng/mg
21,DA,VTA,0.179083,ng/mg
53,DA,S1L6R,0.384132,ng/mg
38,DA,S1L,0.00541,ng/mg
38,DA,vH,0.045538,ng/mg
53,DA,DM,3.273745,ng/mg
53,DA,VL,6.990876,ng/mg
53,DA,VTA,0.191518,ng/mg
38,DA,OF,0.0311,ng/mg
21,DA,VPR,0.017645,ng/mg
53,DA,SN,0.080159,ng/mg
38,DA,PL,0.028934,ng/mg
53,DA,SC,0.060385,ng/mg
40,DA,S1L6L,0.299667,ng/mg
38,DA,aCC,0.012684,ng/mg
53,DA,HY,0.070094,ng/mg
21,DA,VPL,0.034962,ng/mg
53,DA,DLG,0.00517,ng/mg
38,DA,IC,0.211493,ng/mg
53,DA,VPL,0.032215,ng/mg
38,DA,VM,0.02056,ng/mg
53,DA,VPR,0.035163,ng/mg
40,DA,S1L6R,0.209382,ng/mg
21,DA,DLG,0.011312,ng/mg
53,DA,MD,0.131627,ng/mg
38,DA,SJ,0.006955,ng/mg
53,DA,DL,4.740804,ng/mg
38,DA,S1R,0.004644,ng/mg
21,DA,HY,0.06206,ng/mg
36,DA,CB,0.0357,ng/mg
53,DA,S1L,0.006544,ng/mg
38,DA,NAc,2.289364,ng/mg
38,DA,DLG,0.004392,ng/mg
46,DA,SC,0.05437,ng/mg
25,DA,PL,0.023401,ng/mg
46,DA,HY,0.047433,ng/mg
38,DA,HY,0.04553,ng/mg
38,DA,SC,0.039644,ng/mg
46,DA,DLG,0.051447,ng/mg
40,DA,PL,0.037513,ng/mg
46,DA,VPL,0.006491,ng/mg
38,DA,SN,0.054296,ng/mg
25,DA,aCC,0.018855,ng/mg
46,DA,VPR,0.001311,ng/mg
46,DA,MD,0.0504,ng/mg
38,DA,VTA,0.426558,ng/mg
46,DA,DL,5.034783,ng/mg
38,DA,DR,0.044836,ng/mg
40,DA,OF,0.040869,ng/mg
25,DA,IC,0.503313,ng/mg
46,DA,VL,9.637156,ng/mg
38,DA,MR,0.040018,ng/mg
46,DA,DM,3.391594,ng/mg
46,DA,SN,0.098529,ng/mg
53,DA,S1R,0.006282,ng/mg
40,DA,aCC,0.026843,ng/mg
38,DA,VPL,0.006075,ng/mg
21,DA,DR,0.038562,ng/mg
53,DA,SJ,0.227027,ng/mg
38,DA,VM,3.535728,ng/mg
53,DA,VM,0.02249,ng/mg
40,DA,VM,0.013696,ng/mg
38,DA,DM,4.37179,ng/mg
53,DA,IC,2.10362,ng/mg
21,DA,MR,0.092473,ng/mg
53,DA,aCC,0.019025,ng/mg
38,DA,VL,6.444342,ng/mg
53,DA,PL,0.034212,ng/mg
38,DA,DL,8.144538,ng/mg
53,DA,OF,0.099914,ng/mg
40,DA,IC,0.601412,ng/mg
21,DA,CB,0.101805,ng/mg
46,DA,CB,0.032361,ng/mg
38,DA,MD,0.037179,ng/mg
46,DA,MR,0.007925,ng/mg
38,DA,VPR,0.136363,ng/mg
46,DA,DR,0.008436,ng/mg
25,DA,OF,0.0041,ng/mg
46,DA,VTA,0.326343,ng/mg
53,DA,DR,0.074116,ng/mg
53,DA,MR,0.033106,ng/mg
40,DA,AC,0.311481,ng/mg
36,DA,S1R,0.002202,ng/mg
55,DA,MR,0.0116,ng/mg
36,DA,S1L,0.000803,ng/mg
21,DA,AC,0.009061,ng/mg
55,DA,DR,0.070073,ng/mg
36,DA,S1L6R,0.003838,ng/mg
55,DA,VTA,0.787339,ng/mg
40,DA,DM,5.808342,ng/mg
36,DA,S1L6L,0.067464,ng/mg
55,DA,SN,0.137696,ng/mg
21,DA,VM,0.008868,ng/mg
55,DA,SC,0.049328,ng/mg
36,DA,AC,0.008642,ng/mg
55,DA,HY,0.204454,ng/mg
36,DA,VM,0.017054,ng/mg
40,DA,VM,2.784469,ng/mg
55,DA,DLG,0.007856,ng/mg
21,DA,A,0.265176,ng/mg
55,DA,VPL,0.008467,ng/mg
36,DA,A,0.217967,ng/mg
55,DA,VPR,0.005752,ng/mg
55,DA,CB,0.037728,ng/mg
36,DA,dH,0.017054,ng/mg
69,DA,CB,0.015593,ng/mg
8,DA,OF,0.034559,ng/mg
8,DA,S1L6L,0.729015,ng/mg
31,DA,CB,0.018746,ng/mg
40,DA,MD,0.074113,ng/mg
8,DA,S1L6R,1.051267,ng/mg
36,DA,OF,0.003757,ng/mg
21,DA,S1L,0.00687,ng/mg
8,DA,S1L,0.005533,ng/mg
8,DA,S1R,0.007399,ng/mg
36,DA,PL,0.017373,ng/mg
36,DA,aCC,0.031084,ng/mg
8,DA,SJ,NA,ng/mg
40,DA,DL,4.410881,ng/mg
21,DA,S1L6R,1.451618,ng/mg
8,DA,VM,0.012728,ng/mg
36,DA,IC,0.074943,ng/mg
8,DA,IC,0.541502,ng/mg
8,DA,aCC,0.034667,ng/mg
36,DA,VM,0.01794,ng/mg
21,DA,S1L6L,0.247851,ng/mg
8,DA,PL,0.047327,ng/mg
36,DA,SJ,0.002771,ng/mg
40,DA,VL,4.707895,ng/mg
55,DA,MD,0.063182,ng/mg
36,DA,vH,0.023457,ng/mg
21,DA,dH,NA,ng/mg
55,DA,S1L,0.003654,ng/mg
36,DA,DLG,0.001,ng/mg
40,DA,A,0.347384,ng/mg
55,DA,S1R,0.009086,ng/mg
36,DA,HY,0.105968,ng/mg
55,DA,SJ,0.032024,ng/mg
21,DA,VL,7.77081,ng/mg
55,DA,VM,0.015625,ng/mg
36,DA,SC,0.032342,ng/mg
55,DA,IC,0.253826,ng/mg
36,DA,SN,0.097009,ng/mg
40,DA,VM,0.015019,ng/mg
55,DA,aCC,0.018938,ng/mg
21,DA,DL,7.103499,ng/mg
55,DA,PL,0.021494,ng/mg
36,DA,VTA,0.155326,ng/mg
55,DA,OF,0.010894,ng/mg
36,DA,DR,0.062224,ng/mg
53,DA,CB,0.3063,ng/mg
36,DA,MR,0.007588,ng/mg
21,DA,MD,0.011997,ng/mg
21,DA,DM,4.189214,ng/mg
55,DA,S1L6R,0.363667,ng/mg
55,DA,S1L6L,0.024649,ng/mg
36,DA,VPR,0.002186,ng/mg
55,DA,DL,4.348745,ng/mg
40,DA,NAc,3.421139,ng/mg
55,DA,VL,8.17272,ng/mg
36,DA,NAc,2.550896,ng/mg
55,DA,DM,4.297727,ng/mg
21,DA,vH,0.023271,ng/mg
36,DA,VM,4.754029,ng/mg
55,DA,VM,5.270961,ng/mg
36,DA,DM,3.179394,ng/mg
55,DA,NAc,2.727121,ng/mg
21,DA,S1R,0.007441,ng/mg
40,DA,vH,NA,ng/mg
36,DA,VL,4.697982,ng/mg
21,DA,NAc,4.002873,ng/mg
55,DA,dH,0.027134,ng/mg
55,DA,A,0.239385,ng/mg
36,DA,DL,4.131947,ng/mg
36,DA,MD,0.0297,ng/mg
55,DA,VM,0.011246,ng/mg
40,DA,dH,0.028371,ng/mg
21,DA,VM,2.725994,ng/mg
55,DA,AC,0.03021,ng/mg
55,DA,vH,0.002984,ng/mg
36,DA,VPL,0.004178,ng/mg
24,DA,IC,2.15601,ng/mg
31,DA,vH,0.028202,ng/mg
56,DA,MR,0.01273,ng/mg
56,DA,DR,0.049038,ng/mg
68,DA,DR,0.09372,ng/mg
50,DA,OF,0.00661,ng/mg
56,DA,VTA,0.382456,ng/mg
68,DA,MR,0.152218,ng/mg
51,DA,VM,0.014603,ng/mg
56,DA,SN,0.120067,ng/mg
56,DA,SC,0.067618,ng/mg
68,DA,CB,0.013838,ng/mg
70,DA,OF,0.376343,ng/mg
56,DA,HY,0.165544,ng/mg
44,DA,CB,0.058572,ng/mg
68,DA,VTA,0.814533,ng/mg
51,DA,A,0.658943,ng/mg
70,DA,PL,0.053645,ng/mg
56,DA,VPL,0.0176,ng/mg
56,DA,VPR,0.023039,ng/mg
70,DA,aCC,0.039516,ng/mg
51,DA,dH,NA,ng/mg
56,DA,MD,0.169435,ng/mg
70,DA,IC,1.33833,ng/mg
56,DA,DL,6.854498,ng/mg
44,DA,MR,0.082389,ng/mg
70,DA,VM,0.01495,ng/mg
56,DA,VL,8.234601,ng/mg
51,DA,vH,0.044535,ng/mg
56,DA,DM,4.23811,ng/mg
56,DA,DLG,0.015175,ng/mg
70,DA,SJ,0.003227,ng/mg
51,DA,AC,0.012841,ng/mg
68,DA,SN,0.282367,ng/mg
68,DA,DM,3.642306,ng/mg
60,DA,VM,0.007759,ng/mg
68,DA,VL,7.273977,ng/mg
51,DA,S1R,0.008977,ng/mg
60,DA,AC,0.030097,ng/mg
68,DA,DL,6.702495,ng/mg
60,DA,S1L6L,0.272207,ng/mg
50,DA,IC,0.015749,ng/mg
68,DA,MD,0.175413,ng/mg
60,DA,S1L6R,0.2446,ng/mg
51,DA,S1L,0.005579,ng/mg
60,DA,S1L,0.006011,ng/mg
68,DA,VPR,0.006809,ng/mg
56,DA,CB,0.036389,ng/mg
60,DA,S1R,0.00803,ng/mg
60,DA,SJ,0.002991,ng/mg
50,DA,aCC,0.029847,ng/mg
51,DA,S1L6R,0.051029,ng/mg
60,DA,VM,0.015853,ng/mg
68,DA,DLG,0.006044,ng/mg
60,DA,IC,0.824287,ng/mg
68,DA,HY,0.198196,ng/mg
60,DA,aCC,0.027822,ng/mg
51,DA,S1L6L,0.398355,ng/mg
68,DA,SC,0.07545,ng/mg
60,DA,PL,0.032871,ng/mg
50,DA,PL,0.022453,ng/mg
60,DA,OF,0.076194,ng/mg
68,DA,VPL,0.01519,ng/mg
56,DA,VM,4.269822,ng/mg
70,DA,S1R,0.006338,ng/mg
56,DA,NAc,1.338593,ng/mg
70,DA,DM,3.554384,ng/mg
56,DA,OF,0.107924,ng/mg
51,DA,MD,0.08798,ng/mg
54,DA,CB,0.064583,ng/mg
70,DA,VL,6.554547,ng/mg
44,DA,HY,0.018316,ng/mg
54,DA,MR,0.027059,ng/mg
70,DA,DL,7.169395,ng/mg
54,DA,DR,0.117283,ng/mg
51,DA,VPR,0.030005,ng/mg
70,DA,MD,0.058922,ng/mg
54,DA,VTA,0.46076,ng/mg
54,DA,SN,0.256345,ng/mg
56,DA,PL,0.03998,ng/mg
70,DA,VPR,0.011514,ng/mg
54,DA,SC,0.245202,ng/mg
70,DA,VPL,0.01398,ng/mg
51,DA,VPL,0.014327,ng/mg
54,DA,HY,0.083323,ng/mg
54,DA,DLG,0.005889,ng/mg
70,DA,DLG,0.009707,ng/mg
54,DA,VPL,0.008694,ng/mg
70,DA,HY,0.13316,ng/mg
44,DA,VPL,0.030895,ng/mg
51,DA,DLG,0.004727,ng/mg
54,DA,VPR,0.013859,ng/mg
54,DA,MD,0.086086,ng/mg
70,DA,SC,0.068868,ng/mg
44,DA,DLG,0.006567,ng/mg
70,DA,VM,2.646592,ng/mg
56,DA,aCC,0.023443,ng/mg
51,DA,DL,6.213324,ng/mg
44,DA,DR,0.038136,ng/mg
51,DA,NAc,2.519519,ng/mg
70,DA,S1L,0.008601,ng/mg
56,DA,vH,0.102375,ng/mg
56,DA,dH,NA,ng/mg
70,DA,S1L6R,0.386172,ng/mg
56,DA,A,1.072958,ng/mg
70,DA,S1L6L,0.605351,ng/mg
51,DA,VM,2.971593,ng/mg
44,DA,VTA,0.17548,ng/mg
56,DA,VM,0.013024,ng/mg
56,DA,AC,0.010753,ng/mg
70,DA,AC,0.00703,ng/mg
56,DA,S1L6L,0.648414,ng/mg
70,DA,VM,0.006808,ng/mg
51,DA,DM,5.143433,ng/mg
56,DA,S1L6R,0.143866,ng/mg
70,DA,A,0.334636,ng/mg
56,DA,S1L,0.005084,ng/mg
44,DA,SN,0.268581,ng/mg
56,DA,S1R,0.00503,ng/mg
70,DA,dH,0.00903,ng/mg
51,DA,VL,6.783357,ng/mg
56,DA,SJ,0.000671,ng/mg
56,DA,VM,0.022172,ng/mg
70,DA,vH,0.010628,ng/mg
70,DA,NAc,3.043663,ng/mg
56,DA,IC,0.734741,ng/mg
44,DA,SC,0.038536,ng/mg
60,DA,A,0.850038,ng/mg
54,DA,DL,4.936965,ng/mg
60,DA,dH,0.040997,ng/mg
50,DA,VM,0.017453,ng/mg
50,DA,vH,0.006639,ng/mg
62,DA,DLG,0.006888,ng/mg
64,DA,VL,10.309803,ng/mg
62,DA,VPL,0.01046,ng/mg
50,DA,DLG,0.000753,ng/mg
62,DA,VPR,0.00699,ng/mg
64,DA,DL,7.838354,ng/mg
62,DA,MD,0.047093,ng/mg
64,DA,MD,0.069129,ng/mg
50,DA,dH,0.007321,ng/mg
62,DA,DL,7.646778,ng/mg
64,DA,VPR,0.008116,ng/mg
50,DA,HY,0.008572,ng/mg
62,DA,HY,0.30706,ng/mg
62,DA,VL,5.302091,ng/mg
64,DA,VPL,0.018747,ng/mg
62,DA,VM,6.211483,ng/mg
64,DA,DLG,0.010289,ng/mg
50,DA,SC,0.020962,ng/mg
62,DA,NAc,2.989968,ng/mg
50,DA,A,0.231793,ng/mg
62,DA,vH,0.014871,ng/mg
64,DA,HY,0.082991,ng/mg
62,DA,dH,0.025449,ng/mg
64,DA,SC,0.085787,ng/mg
50,DA,SN,0.074053,ng/mg
62,DA,A,0.276371,ng/mg
64,DA,SN,0.103564,ng/mg
62,DA,DM,4.068443,ng/mg
62,DA,VM,0.015061,ng/mg
64,DA,DM,3.743456,ng/mg
64,DA,VM,6.619492,ng/mg
64,DA,S1R,0.005975,ng/mg
64,DA,S1L6R,0.365328,ng/mg
50,DA,VL,6.508895,ng/mg
64,DA,SJ,0.011928,ng/mg
50,DA,DM,3.890552,ng/mg
64,DA,VM,0.020753,ng/mg
64,DA,S1L6L,0.4725,ng/mg
64,DA,IC,0.555845,ng/mg
64,DA,AC,0.016808,ng/mg
50,DA,DL,4.645427,ng/mg
64,DA,aCC,0.025548,ng/mg
64,DA,PL,0.028728,ng/mg
64,DA,VM,0.000159,ng/mg
50,DA,VPL,0.009709,ng/mg
50,DA,VM,4.11348,ng/mg
64,DA,A,0.12311,ng/mg
50,DA,MD,0.046667,ng/mg
62,DA,CB,0.01991,ng/mg
62,DA,MR,0.020024,ng/mg
64,DA,dH,0.01001,ng/mg
62,DA,DR,0.095967,ng/mg
64,DA,vH,0.015118,ng/mg
50,DA,NAc,1.507814,ng/mg
50,DA,VPR,0.014399,ng/mg
62,DA,VTA,0.548134,ng/mg
64,DA,NAc,2.683184,ng/mg
62,DA,SN,0.222044,ng/mg
62,DA,SC,0.093868,ng/mg
64,DA,OF,0.014663,ng/mg
50,DA,VM,0.007284,ng/mg
62,DA,AC,0.008317,ng/mg
64,DA,VTA,0.416783,ng/mg
60,DA,SN,0.074682,ng/mg
51,DA,PL,0.022587,ng/mg
50,DA,S1L,0.006058,ng/mg
60,DA,SC,0.03466,ng/mg
68,DA,S1L6R,0.065036,ng/mg
60,DA,HY,0.472215,ng/mg
68,DA,S1L6L,0.085697,ng/mg
51,DA,aCC,0.017525,ng/mg
60,DA,VPL,0.009507,ng/mg
68,DA,AC,0.012663,ng/mg
50,DA,S1R,0.004756,ng/mg
60,DA,VPR,0.02676,ng/mg
68,DA,VM,0.006367,ng/mg
68,DA,S1L,0.008363,ng/mg
60,DA,MD,0.065356,ng/mg
60,DA,DL,3.96103,ng/mg
68,DA,A,0.70236,ng/mg
60,DA,VL,7.565116,ng/mg
68,DA,dH,NA,ng/mg
50,DA,SJ,0.000577,ng/mg
60,DA,DM,3.857913,ng/mg
51,DA,VM,0.012215,ng/mg
68,DA,vH,0.016433,ng/mg
60,DA,VM,6.166647,ng/mg
60,DA,NAc,3.61435,ng/mg
68,DA,NAc,3.162382,ng/mg
60,DA,vH,NA,ng/mg
68,DA,VM,7.041271,ng/mg
51,DA,IC,1.258332,ng/mg
68,DA,S1R,0.008178,ng/mg
60,DA,VTA,0.11075,ng/mg
60,DA,DR,0.1942,ng/mg
50,DA,VTA,0.301787,ng/mg
62,DA,S1L6L,0.190143,ng/mg
64,DA,DR,0.144733,ng/mg
62,DA,S1L6R,0.506357,ng/mg
64,DA,MR,0.118417,ng/mg
62,DA,S1L,0.019742,ng/mg
50,DA,AC,0.011132,ng/mg
50,DA,DR,0.024667,ng/mg
62,DA,S1R,0.006376,ng/mg
64,DA,CB,0.071211,ng/mg
62,DA,SJ,0.0041,ng/mg
62,DA,VM,0.016,ng/mg
68,DA,OF,0.012031,ng/mg
68,DA,PL,0.029153,ng/mg
50,DA,MR,0.004822,ng/mg
62,DA,IC,0.427026,ng/mg
50,DA,S1L6L,0.005143,ng/mg
62,DA,aCC,0.02695,ng/mg
68,DA,aCC,0.025584,ng/mg
62,DA,PL,0.023585,ng/mg
50,DA,CB,0.039245,ng/mg
68,DA,IC,0.281927,ng/mg
62,DA,OF,0.011011,ng/mg
60,DA,CB,0.039951,ng/mg
68,DA,VM,0.016653,ng/mg
50,DA,S1L6R,0.004219,ng/mg
60,DA,MR,0.013281,ng/mg
68,DA,SJ,0.022237,ng/mg
51,DA,OF,NA,ng/mg
51,DA,SJ,0.00591,ng/mg
8,DA,CB,0.135931,ng/mg
70,DA,SN,0.183467,ng/mg
54,DA,VL,3.104167,ng/mg
24,DA,VM,4.022204,ng/mg
44,DA,VM,0.012913,ng/mg
57,DA,DM,4.126724,ng/mg
12,DA,S1L6R,0.456871,ng/mg
24,DA,DM,4.145669,ng/mg
12,DA,S1L,0.008187,ng/mg
12,DA,S1R,0.015562,ng/mg
24,DA,VL,5.898852,ng/mg
57,DA,VL,6.899702,ng/mg
12,DA,SJ,0.010711,ng/mg
24,DA,DL,6.227989,ng/mg
12,DA,VM,0.021082,ng/mg
44,DA,IC,0.54877,ng/mg
12,DA,S1L6L,1.906063,ng/mg
24,DA,MD,0.023991,ng/mg
57,DA,DL,5.083567,ng/mg
12,DA,aCC,0.02321,ng/mg
24,DA,VPR,NA,ng/mg
12,DA,PL,0.028763,ng/mg
24,DA,VPL,0.006815,ng/mg
44,DA,aCC,0.01281,ng/mg
12,DA,OF,0.023933,ng/mg
57,DA,MD,0.036163,ng/mg
24,DA,DLG,0.00722,ng/mg
10,DA,CB,0.016761,ng/mg
10,DA,MR,0.020061,ng/mg
24,DA,HY,0.101508,ng/mg
10,DA,DR,0.052756,ng/mg
12,DA,IC,1.466518,ng/mg
24,DA,SC,0.14381,ng/mg
12,DA,AC,0.043753,ng/mg
12,DA,VM,0.011935,ng/mg
12,DA,DLG,0.006104,ng/mg
12,DA,VPL,0.016157,ng/mg
24,DA,S1R,0.004929,ng/mg
24,DA,S1L,0.009182,ng/mg
12,DA,VPR,0.013169,ng/mg
44,DA,S1L,0.004327,ng/mg
57,DA,dH,0.005578,ng/mg
12,DA,MD,0.025296,ng/mg
24,DA,S1L6R,0.997146,ng/mg
12,DA,DL,6.203812,ng/mg
24,DA,S1L6L,0.120082,ng/mg
12,DA,VL,7.656668,ng/mg
57,DA,vH,0.015631,ng/mg
24,DA,NAc,2.541936,ng/mg
24,DA,AC,0.010824,ng/mg
44,DA,S1R,0.008736,ng/mg
12,DA,VM,4.855667,ng/mg
24,DA,VM,0.006994,ng/mg
12,DA,NAc,2.616562,ng/mg
57,DA,NAc,2.028321,ng/mg
24,DA,A,0.365493,ng/mg
12,DA,vH,0.043614,ng/mg
12,DA,dH,0.017635,ng/mg
24,DA,dH,0.019902,ng/mg
44,DA,SJ,0.121837,ng/mg
12,DA,A,0.37617,ng/mg
24,DA,vH,NA,ng/mg
57,DA,VM,3.505136,ng/mg
12,DA,DM,3.792517,ng/mg
57,DA,VPR,0.004444,ng/mg
10,DA,VTA,0.806662,ng/mg
44,DA,PL,0.029284,ng/mg
31,DA,SJ,0.007513,ng/mg
10,DA,VM,0.005577,ng/mg
31,DA,S1R,0.005057,ng/mg
40,DA,DR,0.049958,ng/mg
10,DA,AC,0.016458,ng/mg
31,DA,S1L,0.004746,ng/mg
57,DA,VTA,0.29615,ng/mg
10,DA,S1L6L,0.053481,ng/mg
10,DA,S1L6R,1.139367,ng/mg
31,DA,S1L6R,0.580905,ng/mg
10,DA,S1L,0.008544,ng/mg
31,DA,S1L6L,0.164162,ng/mg
57,DA,DR,0.057169,ng/mg
10,DA,A,0.406467,ng/mg
10,DA,S1R,0.004662,ng/mg
10,DA,SJ,NA,ng/mg
31,DA,AC,0.014397,ng/mg
10,DA,VM,0.03253,ng/mg
31,DA,VM,0.006323,ng/mg
57,DA,MR,0.013722,ng/mg
10,DA,IC,3.106618,ng/mg
31,DA,A,0.328922,ng/mg
10,DA,aCC,0.040824,ng/mg
40,DA,SN,0.1462,ng/mg
10,DA,PL,0.038255,ng/mg
31,DA,dH,0.029483,ng/mg
57,DA,CB,0.052447,ng/mg
10,DA,OF,0.124257,ng/mg
40,DA,VTA,0.122441,ng/mg
57,DA,SN,0.197537,ng/mg
10,DA,dH,0.097772,ng/mg
31,DA,VM,0.013168,ng/mg
10,DA,SN,0.096808,ng/mg
24,DA,SN,0.151533,ng/mg
10,DA,SC,0.07715,ng/mg
24,DA,VTA,0.340482,ng/mg
57,DA,VPL,0.021313,ng/mg
10,DA,HY,0.12228,ng/mg
10,DA,DLG,0.007083,ng/mg
24,DA,DR,0.089175,ng/mg
44,DA,OF,0.018713,ng/mg
10,DA,VPL,0.009827,ng/mg
24,DA,MR,0.145762,ng/mg
57,DA,DLG,0.003486,ng/mg
10,DA,VPR,NA,ng/mg
24,DA,CB,0.066335,ng/mg
10,DA,MD,0.08761,ng/mg
10,DA,DL,4.472388,ng/mg
31,DA,OF,0.029512,ng/mg
40,DA,CB,0.062585,ng/mg
57,DA,HY,0.072293,ng/mg
10,DA,VL,6.431804,ng/mg
31,DA,PL,0.034708,ng/mg
10,DA,DM,5.142671,ng/mg
31,DA,aCC,0.014286,ng/mg
10,DA,VM,3.709548,ng/mg
57,DA,SC,0.088606,ng/mg
31,DA,IC,0.384983,ng/mg
10,DA,NAc,2.044075,ng/mg
40,DA,MR,0.006292,ng/mg
10,DA,vH,0.026136,ng/mg
57,DA,A,0.159466,ng/mg
51,DA,HY,0.056528,ng/mg
24,DA,SJ,0.01232,ng/mg
44,DA,S1L6R,1.200059,ng/mg
23,DA,S1R,0.003848,ng/mg
51,DA,MR,0.012448,ng/mg
54,DA,IC,3.09592,ng/mg
54,DA,aCC,0.035032,ng/mg
23,DA,S1L,0.011453,ng/mg
54,DA,PL,0.039026,ng/mg
23,DA,S1L6R,1.076854,ng/mg
44,DA,DM,4.739496,ng/mg
51,DA,CB,0.068954,ng/mg
54,DA,OF,0.016581,ng/mg
47,DA,CB,0.013971,ng/mg
23,DA,S1L6L,0.323286,ng/mg
47,DA,MR,0.011726,ng/mg
54,DA,VM,0.016587,ng/mg
23,DA,AC,0.067452,ng/mg
47,DA,DR,0.0698,ng/mg
23,DA,VM,0.007724,ng/mg
47,DA,VTA,0.12435,ng/mg
44,DA,VM,3.639465,ng/mg
23,DA,A,0.247031,ng/mg
47,DA,SN,0.184071,ng/mg
57,DA,PL,0.032022,ng/mg
47,DA,SC,0.037797,ng/mg
23,DA,dH,0.007258,ng/mg
47,DA,HY,0.064057,ng/mg
23,DA,vH,0.009998,ng/mg
44,DA,NAc,1.803985,ng/mg
47,DA,DLG,0.00295,ng/mg
57,DA,OF,0.01276,ng/mg
57,DA,aCC,0.016191,ng/mg
44,DA,VL,6.404592,ng/mg
54,DA,SJ,0.011453,ng/mg
70,DA,VTA,0.345385,ng/mg
54,DA,DM,3.646046,ng/mg
44,DA,VPR,0.004926,ng/mg
54,DA,VM,4.009309,ng/mg
70,DA,DR,0.01428,ng/mg
51,DA,SC,0.056182,ng/mg
54,DA,NAc,4.01578,ng/mg
54,DA,vH,0.053362,ng/mg
70,DA,MR,0.006154,ng/mg
70,DA,CB,0.026709,ng/mg
44,DA,MD,0.370904,ng/mg
54,DA,dH,0.085337,ng/mg
51,DA,SN,0.091211,ng/mg
23,DA,SJ,0.003859,ng/mg
54,DA,A,0.51751,ng/mg
54,DA,VM,0.007906,ng/mg
23,DA,PL,0.017995,ng/mg
54,DA,AC,0.03486,ng/mg
51,DA,VTA,0.319656,ng/mg
54,DA,S1L6L,0.397833,ng/mg
23,DA,aCC,0.021663,ng/mg
44,DA,DL,5.636943,ng/mg
54,DA,S1L6R,1.470825,ng/mg
23,DA,IC,0.642654,ng/mg
54,DA,S1L,0.017101,ng/mg
23,DA,VM,0.017164,ng/mg
51,DA,DR,0.04566,ng/mg
54,DA,S1R,0.006709,ng/mg
23,DA,OF,0.03935,ng/mg
47,DA,VPL,0.003907,ng/mg
23,DA,NAc,1.747376,ng/mg
47,DA,VPR,0.005979,ng/mg
47,DA,S1R,0.005492,ng/mg
44,DA,VM,0.008015,ng/mg
23,DA,VTA,0.03873,ng/mg
47,DA,SJ,0.001995,ng/mg
57,DA,S1L6R,0.09986,ng/mg
47,DA,VM,0.003655,ng/mg
23,DA,DR,0.099127,ng/mg
47,DA,IC,0.826232,ng/mg
23,DA,MR,0.08925,ng/mg
44,DA,AC,0.015928,ng/mg
47,DA,aCC,0.020656,ng/mg
57,DA,S1L6L,0.647924,ng/mg
23,DA,CB,0.011877,ng/mg
23,DA,SN,0.114756,ng/mg
47,DA,PL,0.025626,ng/mg
24,DA,OF,0.044874,ng/mg
12,DA,CB,0.015489,ng/mg
24,DA,PL,0.041091,ng/mg
57,DA,AC,0.064373,ng/mg
44,DA,S1L6L,0.573368,ng/mg
12,DA,MR,0.021506,ng/mg
24,DA,aCC,0.021842,ng/mg
12,DA,DR,0.143954,ng/mg
12,DA,VTA,0.245497,ng/mg
57,DA,VM,0.00609,ng/mg
12,DA,SN,0.11853,ng/mg
24,DA,VM,0.018002,ng/mg
12,DA,SC,0.066457,ng/mg
47,DA,OF,0.00245,ng/mg
47,DA,S1L,0.008449,ng/mg
57,DA,S1L,0.005206,ng/mg
23,DA,SC,0.065622,ng/mg
23,DA,VM,4.340758,ng/mg
47,DA,MD,0.0339,ng/mg
57,DA,IC,0.557964,ng/mg
23,DA,DM,5.909936,ng/mg
47,DA,DL,4.274675,ng/mg
44,DA,vH,0.038915,ng/mg
47,DA,VL,9.735015,ng/mg
23,DA,VL,7.584522,ng/mg
47,DA,DM,4.064652,ng/mg
23,DA,DL,6.36435,ng/mg
57,DA,VM,0.014777,ng/mg
47,DA,VM,3.48224,ng/mg
23,DA,MD,0.102918,ng/mg
47,DA,NAc,2.401959,ng/mg
44,DA,dH,0.080089,ng/mg
47,DA,vH,0.012403,ng/mg
23,DA,VPR,0.008362,ng/mg
57,DA,SJ,0.013306,ng/mg
47,DA,dH,0.005842,ng/mg
47,DA,A,0.15664,ng/mg
23,DA,VPL,0.008091,ng/mg
23,DA,DLG,0.003567,ng/mg
47,DA,VM,0.010915,ng/mg
44,DA,A,0.56631,ng/mg
57,DA,S1R,0.00634,ng/mg
47,DA,AC,0.008924,ng/mg
23,DA,HY,0.054565,ng/mg
47,DA,S1L6L,0.011824,ng/mg
47,DA,S1L6R,0.005816,ng/mg
12,DA,HY,0.052418,ng/mg
60,DA,DLG,0.008561,ng/mg
35,DA,CB,0.010057,ng/mg
25,DA,VM,0.01235,ng/mg
13,DA,AC,0.090706,ng/mg
13,DA,VM,0.009002,ng/mg
13,DA,A,0.521219,ng/mg
58,DA,SJ,0.002349,ng/mg
13,DA,dH,0.022644,ng/mg
13,DA,vH,0.016646,ng/mg
13,DA,NAc,1.54881,ng/mg
58,DA,VM,0.011767,ng/mg
58,DA,S1R,0.004724,ng/mg
13,DA,VM,3.684078,ng/mg
13,DA,VL,7.331502,ng/mg
58,DA,IC,0.641431,ng/mg
13,DA,DL,8.640767,ng/mg
13,DA,MD,0.045924,ng/mg
13,DA,VPR,0.006569,ng/mg
58,DA,aCC,0.016238,ng/mg
13,DA,VPL,0.013419,ng/mg
13,DA,DLG,0.002715,ng/mg
13,DA,DM,6.223631,ng/mg
13,DA,HY,0.07251,ng/mg
13,DA,S1L6L,0.07075,ng/mg
13,DA,S1L,0.005931,ng/mg
67,DA,SC,0.058741,ng/mg
58,DA,VM,0.006741,ng/mg
67,DA,SN,0.074295,ng/mg
67,DA,VTA,0.664573,ng/mg
67,DA,DR,0.048343,ng/mg
58,DA,AC,0.010455,ng/mg
67,DA,MR,0.025671,ng/mg
67,DA,CB,0.056498,ng/mg
13,DA,S1L6R,1.404586,ng/mg
13,DA,OF,0.030509,ng/mg
13,DA,PL,0.036572,ng/mg
13,DA,aCC,0.022064,ng/mg
13,DA,IC,0.088655,ng/mg
58,DA,S1L6R,0.341406,ng/mg
13,DA,VM,0.017819,ng/mg
13,DA,SJ,0.001043,ng/mg
13,DA,S1R,0.004588,ng/mg
58,DA,S1L,0.005154,ng/mg
58,DA,S1L6L,0.057889,ng/mg
58,DA,PL,0.121093,ng/mg
13,DA,SC,0.107238,ng/mg
13,DA,SN,0.076225,ng/mg
14,DA,dH,0.008557,ng/mg
14,DA,vH,0.010656,ng/mg
52,DA,SC,0.042983,ng/mg
14,DA,NAc,1.337363,ng/mg
14,DA,VM,4.149582,ng/mg
14,DA,DM,3.605984,ng/mg
52,DA,HY,0.03081,ng/mg
14,DA,VL,7.212989,ng/mg
14,DA,A,0.212381,ng/mg
14,DA,DL,5.658274,ng/mg
52,DA,DLG,0.002617,ng/mg
14,DA,VPR,0.042672,ng/mg
14,DA,VPL,0.0043,ng/mg
14,DA,DLG,0.007206,ng/mg
52,DA,VPL,0.003886,ng/mg
14,DA,HY,0.048904,ng/mg
14,DA,SC,0.039534,ng/mg
14,DA,SN,0.164564,ng/mg
14,DA,MD,0.040686,ng/mg
52,DA,SN,0.110581,ng/mg
14,DA,VM,0.010013,ng/mg
14,DA,AC,0.011734,ng/mg
13,DA,VTA,0.798225,ng/mg
58,DA,OF,0.013611,ng/mg
13,DA,DR,0.058835,ng/mg
13,DA,MR,0.033373,ng/mg
13,DA,CB,0.016378,ng/mg
52,DA,CB,0.017223,ng/mg
14,DA,OF,0.029,ng/mg
14,DA,PL,0.028229,ng/mg
14,DA,aCC,0.012963,ng/mg
52,DA,MR,0.008864,ng/mg
14,DA,IC,0.015798,ng/mg
14,DA,VM,0.012977,ng/mg
14,DA,SJ,0.001798,ng/mg
52,DA,DR,0.040827,ng/mg
14,DA,S1R,0.005882,ng/mg
14,DA,S1L,0.003854,ng/mg
14,DA,S1L6R,0.006778,ng/mg
52,DA,VTA,0.369533,ng/mg
14,DA,S1L6L,0.03004,ng/mg
67,DA,HY,0.060024,ng/mg
52,DA,VPR,0.006929,ng/mg
67,DA,DLG,0.004613,ng/mg
67,DA,VPL,0.008929,ng/mg
58,DA,DR,0.040969,ng/mg
59,DA,S1R,0.006304,ng/mg
59,DA,S1L,0.006787,ng/mg
59,DA,S1L6R,0.478363,ng/mg
58,DA,VTA,0.479714,ng/mg
59,DA,S1L6L,0.112273,ng/mg
59,DA,AC,0.009337,ng/mg
59,DA,VM,0.007254,ng/mg
59,DA,SJ,0.001628,ng/mg
58,DA,SN,0.314276,ng/mg
59,DA,dH,NA,ng/mg
59,DA,vH,0.021735,ng/mg
58,DA,SC,0.064574,ng/mg
59,DA,NAc,3.479427,ng/mg
59,DA,VM,3.698153,ng/mg
59,DA,DM,2.872544,ng/mg
58,DA,HY,0.055939,ng/mg
59,DA,VL,7.582433,ng/mg
59,DA,A,0.114751,ng/mg
59,DA,DL,5.429917,ng/mg
59,DA,VM,0.010399,ng/mg
58,DA,MR,0.009725,ng/mg
32,DA,MD,0.024787,ng/mg
32,DA,VPR,0.100992,ng/mg
61,DA,aCC,0.012657,ng/mg
32,DA,VPL,0.004588,ng/mg
32,DA,DLG,0.004467,ng/mg
32,DA,HY,0.088051,ng/mg
61,DA,PL,0.024181,ng/mg
32,DA,SC,0.048365,ng/mg
59,DA,IC,0.539894,ng/mg
32,DA,SN,0.080544,ng/mg
61,DA,OF,0.011456,ng/mg
32,DA,DR,0.0928,ng/mg
32,DA,MR,0.099484,ng/mg
32,DA,CB,0.054706,ng/mg
58,DA,CB,0.039703,ng/mg
59,DA,OF,0.056825,ng/mg
59,DA,PL,0.024054,ng/mg
59,DA,aCC,0.0184,ng/mg
32,DA,VTA,0.40567,ng/mg
59,DA,MD,0.070582,ng/mg
58,DA,DLG,0.00399,ng/mg
59,DA,VPR,NA,ng/mg
67,DA,S1L6R,0.336724,ng/mg
67,DA,S1L6L,0.520862,ng/mg
67,DA,AC,0.009799,ng/mg
58,DA,VM,5.223968,ng/mg
67,DA,VM,0.006082,ng/mg
67,DA,A,0.178634,ng/mg
67,DA,dH,0.008477,ng/mg
58,DA,NAc,2.989607,ng/mg
58,DA,DM,4.872391,ng/mg
67,DA,vH,0.006392,ng/mg
67,DA,VM,5.421206,ng/mg
58,DA,vH,0.031044,ng/mg
67,DA,DM,5.239243,ng/mg
67,DA,VL,8.576345,ng/mg
67,DA,DL,6.064482,ng/mg
58,DA,dH,0.022954,ng/mg
67,DA,MD,0.035917,ng/mg
67,DA,VPR,0.010797,ng/mg
67,DA,NAc,2.400311,ng/mg
67,DA,S1L,0.011986,ng/mg
67,DA,S1R,0.005577,ng/mg
67,DA,SJ,0.004497,ng/mg
59,DA,VPL,0.040392,ng/mg
59,DA,DLG,0.004966,ng/mg
58,DA,VPL,0.013125,ng/mg
59,DA,HY,0.16922,ng/mg
59,DA,SC,NA,ng/mg
59,DA,SN,0.071663,ng/mg
58,DA,VPR,0.006821,ng/mg
59,DA,VTA,0.192545,ng/mg
59,DA,DR,0.035936,ng/mg
59,DA,MR,0.02168,ng/mg
58,DA,MD,0.080382,ng/mg
59,DA,CB,0.05418,ng/mg
67,DA,OF,0.009371,ng/mg
67,DA,PL,0.021339,ng/mg
58,DA,DL,6.489733,ng/mg
67,DA,aCC,0.025229,ng/mg
67,DA,IC,0.152212,ng/mg
67,DA,VM,0.009384,ng/mg
58,DA,VL,6.514176,ng/mg
58,DA,A,0.164504,ng/mg
14,DA,VTA,0.488,ng/mg
14,DA,DR,0.088554,ng/mg
14,DA,MR,0.013153,ng/mg
49,DA,DLG,0.008844,ng/mg
29,DA,VPR,0.049243,ng/mg
29,DA,VPL,0.01465,ng/mg
29,DA,DLG,0.0042,ng/mg
49,DA,VPL,0.100336,ng/mg
29,DA,HY,0.035085,ng/mg
29,DA,SC,0.151317,ng/mg
29,DA,SN,0.241611,ng/mg
29,DA,MD,0.034511,ng/mg
49,DA,VPR,0.011136,ng/mg
29,DA,DR,0.090231,ng/mg
29,DA,MR,0.039558,ng/mg
49,DA,MD,0.048867,ng/mg
29,DA,CB,0.044493,ng/mg
34,DA,OF,0.001053,ng/mg
34,DA,PL,0.020461,ng/mg
49,DA,DL,7.687075,ng/mg
34,DA,aCC,0.019859,ng/mg
29,DA,VTA,0.442418,ng/mg
34,DA,IC,0.010963,ng/mg
29,DA,DL,5.12729,ng/mg
49,DA,HY,0.087994,ng/mg
29,DA,VM,0.016547,ng/mg
29,DA,SJ,0.004085,ng/mg
49,DA,DR,0.064848,ng/mg
29,DA,S1R,0.003551,ng/mg
29,DA,S1L,0.025914,ng/mg
29,DA,S1L6R,0.6282,ng/mg
49,DA,VTA,0.580562,ng/mg
29,DA,S1L6L,1.179968,ng/mg
29,DA,VL,7.400264,ng/mg
29,DA,AC,0.01292,ng/mg
49,DA,SN,0.061787,ng/mg
29,DA,A,0.289238,ng/mg
29,DA,dH,0.017846,ng/mg
29,DA,vH,0.019837,ng/mg
49,DA,SC,0.053309,ng/mg
29,DA,NAc,2.994334,ng/mg
29,DA,VM,3.357484,ng/mg
29,DA,DM,5.431812,ng/mg
29,DA,VM,0.008695,ng/mg
34,DA,VM,0.011316,ng/mg
49,DA,VL,4.677403,ng/mg
34,DA,SJ,0.012324,ng/mg
34,DA,DLG,0.006327,ng/mg
34,DA,HY,0.029455,ng/mg
34,DA,SC,NA,ng/mg
49,DA,VM,0.00664,ng/mg
34,DA,SN,0.117094,ng/mg
34,DA,VTA,0.49664,ng/mg
34,DA,DR,0.036516,ng/mg
49,DA,AC,0.014864,ng/mg
49,DA,A,1.364479,ng/mg
34,DA,MR,0.007053,ng/mg
42,DA,OF,0.001635,ng/mg
49,DA,S1L6L,0.916649,ng/mg
42,DA,PL,0.018931,ng/mg
42,DA,aCC,0.03925,ng/mg
42,DA,IC,0.444903,ng/mg
49,DA,S1L6R,0.992659,ng/mg
42,DA,VM,0.004778,ng/mg
42,DA,SJ,0.051755,ng/mg
34,DA,CB,0.011336,ng/mg
34,DA,VPL,0.017025,ng/mg
34,DA,VPR,0.004292,ng/mg
34,DA,MD,0.023757,ng/mg
34,DA,S1R,0.003829,ng/mg
34,DA,S1L,0.01426,ng/mg
49,DA,DM,3.588448,ng/mg
34,DA,S1L6R,0.005675,ng/mg
34,DA,S1L6L,0.024429,ng/mg
34,DA,AC,0.008152,ng/mg
49,DA,VM,4.686938,ng/mg
34,DA,VM,0.008005,ng/mg
34,DA,A,0.146304,ng/mg
34,DA,dH,0.009476,ng/mg
49,DA,NAc,3.085891,ng/mg
34,DA,vH,0.005969,ng/mg
34,DA,NAc,1.840414,ng/mg
34,DA,VM,3.638077,ng/mg
49,DA,vH,0.035125,ng/mg
34,DA,DM,4.697597,ng/mg
34,DA,VL,5.902262,ng/mg
34,DA,DL,5.21722,ng/mg
49,DA,dH,0.014641,ng/mg
29,DA,IC,1.017736,ng/mg
49,DA,MR,0.008226,ng/mg
29,DA,aCC,0.025122,ng/mg
29,DA,PL,0.030438,ng/mg
15,DA,VM,3.018952,ng/mg
52,DA,vH,0.007073,ng/mg
15,DA,DM,2.036929,ng/mg
15,DA,VL,2.928343,ng/mg
15,DA,DL,2.623841,ng/mg
52,DA,dH,0.005954,ng/mg
15,DA,MD,0.040491,ng/mg
15,DA,VPR,0.003845,ng/mg
15,DA,NAc,1.271236,ng/mg
15,DA,VPL,0.00239,ng/mg
15,DA,DLG,0.000333,ng/mg
15,DA,HY,0.023618,ng/mg
15,DA,SC,0.030008,ng/mg
52,DA,VM,0.011739,ng/mg
15,DA,SN,0.167935,ng/mg
15,DA,VTA,0.339354,ng/mg
15,DA,DR,0.037036,ng/mg
52,DA,AC,0.019326,ng/mg
52,DA,A,0.205116,ng/mg
15,DA,vH,0.004447,ng/mg
52,DA,NAc,2.954177,ng/mg
15,DA,dH,0.007923,ng/mg
52,DA,MD,0.024982,ng/mg
14,DA,CB,0.009424,ng/mg
15,DA,OF,0.002787,ng/mg
15,DA,PL,0.00364,ng/mg
52,DA,DL,6.245289,ng/mg
15,DA,aCC,0.013493,ng/mg
15,DA,IC,0.165442,ng/mg
15,DA,VM,0.037078,ng/mg
52,DA,VL,7.171446,ng/mg
15,DA,SJ,0.000691,ng/mg
15,DA,S1R,0.002058,ng/mg
15,DA,S1L,0.003323,ng/mg
52,DA,DM,3.512083,ng/mg
15,DA,S1L6R,0.003079,ng/mg
15,DA,S1L6L,0.014476,ng/mg
15,DA,AC,0.006926,ng/mg
52,DA,VM,3.214393,ng/mg
15,DA,VM,0.013269,ng/mg
15,DA,A,0.048154,ng/mg
15,DA,MR,0.00626,ng/mg
32,DA,DL,4.285114,ng/mg
15,DA,CB,0.015525,ng/mg
52,DA,S1L6L,0.007348,ng/mg
52,DA,IC,0.405259,ng/mg
26,DA,DL,4.635223,ng/mg
26,DA,MD,0.032507,ng/mg
26,DA,VPR,0.018695,ng/mg
52,DA,aCC,0.034989,ng/mg
26,DA,VPL,0.011365,ng/mg
46,DA,VM,4.720028,ng/mg
26,DA,HY,0.073549,ng/mg
26,DA,VL,7.364243,ng/mg
52,DA,PL,0.017217,ng/mg
26,DA,SN,0.051592,ng/mg
26,DA,VTA,0.237479,ng/mg
52,DA,OF,0.001311,ng/mg
26,DA,DR,0.081541,ng/mg
26,DA,MR,0.01502,ng/mg
26,DA,CB,0.02315,ng/mg
49,DA,CB,0.016374,ng/mg
29,DA,OF,0.010744,ng/mg
26,DA,SC,0.069424,ng/mg
26,DA,DM,6.012011,ng/mg
26,DA,VM,5.788865,ng/mg
52,DA,VM,0.01014,ng/mg
26,DA,PL,0.030889,ng/mg
26,DA,aCC,0.01976,ng/mg
26,DA,IC,0.375986,ng/mg
52,DA,S1L6R,0.003583,ng/mg
26,DA,VM,0.017656,ng/mg
26,DA,SJ,0.001735,ng/mg
26,DA,S1R,0.003232,ng/mg
52,DA,S1L,0.007732,ng/mg
26,DA,S1L,0.004169,ng/mg
26,DA,S1L6R,1.320694,ng/mg
26,DA,S1L6L,0.164,ng/mg
52,DA,S1R,0.002597,ng/mg
26,DA,AC,0.037632,ng/mg
26,DA,VM,0.008467,ng/mg
26,DA,A,0.271465,ng/mg
52,DA,SJ,0.001973,ng/mg
26,DA,dH,0.020507,ng/mg
26,DA,vH,0.013335,ng/mg
26,DA,NAc,3.074383,ng/mg
26,DA,OF,0.010617,ng/mg
42,DA,S1R,0.002507,ng/mg
61,DA,IC,0.386702,ng/mg
32,DA,DM,5.015283,ng/mg
69,DA,aCC,0.023469,ng/mg
7,DA,VPL,0.013987,ng/mg
7,DA,DLG,0.004,ng/mg
7,DA,HY,0.016157,ng/mg
69,DA,PL,0.038098,ng/mg
7,DA,SC,0.073572,ng/mg
7,DA,SN,0.096731,ng/mg
7,DA,VTA,0.419431,ng/mg
7,DA,VPR,0.05611,ng/mg
69,DA,OF,0.505144,ng/mg
7,DA,MR,0.006734,ng/mg
7,DA,CB,0.061229,ng/mg
66,DA,CB,0.02946,ng/mg
9,DA,OF,0.016852,ng/mg
9,DA,PL,0.024708,ng/mg
9,DA,aCC,0.015452,ng/mg
66,DA,MR,0.009025,ng/mg
9,DA,IC,0.388856,ng/mg
7,DA,DR,0.035788,ng/mg
9,DA,VM,0.011326,ng/mg
7,DA,MD,0.101971,ng/mg
69,DA,IC,2.803026,ng/mg
7,DA,SJ,0.009044,ng/mg
7,DA,S1R,0.029694,ng/mg
69,DA,S1L,0.001793,ng/mg
7,DA,S1L,0.005438,ng/mg
7,DA,S1L6R,0.762846,ng/mg
7,DA,S1L6L,0.105808,ng/mg
69,DA,S1R,0.006938,ng/mg
7,DA,AC,0.007337,ng/mg
7,DA,DL,5.826603,ng/mg
7,DA,VM,0.002081,ng/mg
69,DA,SJ,0.004988,ng/mg
7,DA,dH,0.098714,ng/mg
7,DA,vH,0.0074,ng/mg
7,DA,NAc,2.206116,ng/mg
69,DA,VM,0.012929,ng/mg
7,DA,VM,4.699021,ng/mg
7,DA,DM,4.279908,ng/mg
7,DA,VL,6.597055,ng/mg
7,DA,A,0.14315,ng/mg
9,DA,SJ,0.002719,ng/mg
66,DA,DR,0.0445,ng/mg
9,DA,S1R,0.003633,ng/mg
9,DA,HY,0.054251,ng/mg
9,DA,SC,0.067278,ng/mg
9,DA,SN,0.020664,ng/mg
66,DA,VPR,0.00872,ng/mg
9,DA,VTA,0.142412,ng/mg
9,DA,DR,0.11725,ng/mg
9,DA,MR,0.030513,ng/mg
66,DA,MD,0.039843,ng/mg
66,DA,VPL,0.014295,ng/mg
9,DA,CB,0.031998,ng/mg
11,DA,PL,0.026647,ng/mg
66,DA,DL,6.464831,ng/mg
11,DA,aCC,0.021707,ng/mg
11,DA,IC,0.71067,ng/mg
11,DA,VM,0.012434,ng/mg
66,DA,VL,8.615078,ng/mg
11,DA,SJ,0.003953,ng/mg
11,DA,S1R,0.005338,ng/mg
11,DA,OF,0.021207,ng/mg
9,DA,DLG,0.007773,ng/mg
9,DA,VPL,0.009891,ng/mg
9,DA,VPR,0.010655,ng/mg
9,DA,S1L,0.00342,ng/mg
9,DA,S1L6R,0.14542,ng/mg
66,DA,VTA,0.407882,ng/mg
9,DA,S1L6L,0.455167,ng/mg
9,DA,AC,0.04043,ng/mg
9,DA,VM,0.009722,ng/mg
66,DA,SN,0.16224,ng/mg
9,DA,A,1.797974,ng/mg
9,DA,dH,0.020227,ng/mg
9,DA,vH,0.042402,ng/mg
66,DA,SC,0.059276,ng/mg
9,DA,NAc,1.094796,ng/mg
9,DA,VM,3.281373,ng/mg
9,DA,DM,4.933028,ng/mg
66,DA,HY,0.125277,ng/mg
9,DA,VL,5.977867,ng/mg
9,DA,DL,6.828029,ng/mg
9,DA,MD,0.134853,ng/mg
66,DA,DLG,0.005786,ng/mg
7,DA,VM,0.016945,ng/mg
11,DA,S1L,0.008572,ng/mg
69,DA,S1L6R,1.269424,ng/mg
7,DA,aCC,0.017113,ng/mg
2,DA,DM,2.463208,ng/mg
69,DA,HY,0.191176,ng/mg
2,DA,VL,2.726345,ng/mg
2,DA,DL,2.570822,ng/mg
2,DA,MD,0.023415,ng/mg
69,DA,DLG,0.006617,ng/mg
2,DA,VPR,0.001617,ng/mg
2,DA,VPL,0.003087,ng/mg
2,DA,VM,0.486787,ng/mg
2,DA,DLG,0.00711,ng/mg
2,DA,HY,0.015885,ng/mg
2,DA,SC,0.010316,ng/mg
2,DA,SN,0.127638,ng/mg
69,DA,VPR,0.014329,ng/mg
2,DA,VTA,0.066745,ng/mg
2,DA,DR,0.008084,ng/mg
2,DA,MR,0.001662,ng/mg
69,DA,MD,0.044118,ng/mg
69,DA,VPL,0.024889,ng/mg
2,DA,CB,0.012417,ng/mg
2,DA,NAc,1.346667,ng/mg
2,DA,vH,0.005132,ng/mg
2,DA,OF,0.012725,ng/mg
2,DA,PL,0.00476,ng/mg
2,DA,aCC,0.008441,ng/mg
69,DA,MR,0.0442,ng/mg
2,DA,IC,0.002526,ng/mg
2,DA,VM,0.012564,ng/mg
2,DA,SJ,0.000275,ng/mg
69,DA,DR,0.093827,ng/mg
69,DA,SC,0.046957,ng/mg
2,DA,S1R,0.005914,ng/mg
2,DA,S1L6R,0.00437,ng/mg
69,DA,VTA,0.411457,ng/mg
2,DA,S1L6L,0.016714,ng/mg
2,DA,AC,0.006573,ng/mg
2,DA,VM,0.005329,ng/mg
69,DA,SN,0.12356,ng/mg
2,DA,A,0.046292,ng/mg
2,DA,dH,0.00535,ng/mg
2,DA,S1L,0.002742,ng/mg
5,DA,OF,0.00123,ng/mg
5,DA,PL,0.010832,ng/mg
69,DA,DL,7.244909,ng/mg
69,DA,dH,0.029963,ng/mg
5,DA,MD,0.016391,ng/mg
5,DA,VPR,0.001677,ng/mg
5,DA,VPL,0.002787,ng/mg
69,DA,A,0.411411,ng/mg
5,DA,DLG,0.000853,ng/mg
5,DA,HY,0.006565,ng/mg
5,DA,SC,0.030894,ng/mg
5,DA,DL,2.374819,ng/mg
69,DA,VM,0.011664,ng/mg
5,DA,VTA,0.156226,ng/mg
5,DA,DR,0.021827,ng/mg
69,DA,AC,0.010833,ng/mg
5,DA,MR,0.003983,ng/mg
5,DA,CB,0.011443,ng/mg
7,DA,OF,0.015104,ng/mg
69,DA,S1L6L,0.184467,ng/mg
7,DA,PL,0.047348,ng/mg
5,DA,SN,0.195456,ng/mg
5,DA,VL,6.371051,ng/mg
5,DA,DM,2.078646,ng/mg
69,DA,vH,NA,ng/mg
5,DA,aCC,0.012923,ng/mg
5,DA,IC,0.049972,ng/mg
5,DA,VM,0.017135,ng/mg
69,DA,VL,4.647352,ng/mg
5,DA,SJ,0.01112,ng/mg
5,DA,S1R,0.002747,ng/mg
5,DA,S1L,0.003056,ng/mg
69,DA,DM,5.564457,ng/mg
5,DA,S1L6R,0.004881,ng/mg
5,DA,S1L6L,0.015286,ng/mg
5,DA,AC,0.008864,ng/mg
69,DA,VM,4.448598,ng/mg
5,DA,VM,0.006596,ng/mg
5,DA,A,0.092909,ng/mg
5,DA,dH,0.004298,ng/mg
69,DA,NAc,3.15283,ng/mg
5,DA,vH,0.00962,ng/mg
5,DA,NAc,1.365999,ng/mg
5,DA,VM,1.986061,ng/mg
7,DA,IC,1.400107,ng/mg
66,DA,DM,6.52194,ng/mg
11,DA,S1L6R,0.514811,ng/mg
11,DA,S1L6L,0.358459,ng/mg
28,DA,PL,0.025419,ng/mg
61,DA,DL,4.991174,ng/mg
28,DA,aCC,0.011917,ng/mg
28,DA,IC,1.291228,ng/mg
28,DA,VM,0.005645,ng/mg
61,DA,VL,6.539913,ng/mg
28,DA,SJ,0.002603,ng/mg
28,DA,S1R,0.002702,ng/mg
28,DA,OF,0.019416,ng/mg
28,DA,S1L,0.00294,ng/mg
28,DA,S1L6R,0.691111,ng/mg
28,DA,S1L6L,0.768774,ng/mg
28,DA,AC,0.283813,ng/mg
61,DA,VM,2.903722,ng/mg
28,DA,VM,0.00898,ng/mg
28,DA,A,0.905448,ng/mg
28,DA,dH,0.062245,ng/mg
61,DA,NAc,2.713203,ng/mg
61,DA,DM,4.934447,ng/mg
28,DA,vH,0.036094,ng/mg
20,DA,CB,0.046708,ng/mg
20,DA,MR,0.005126,ng/mg
20,DA,NAc,2.214862,ng/mg
20,DA,VM,3.378821,ng/mg
20,DA,DM,3.162163,ng/mg
61,DA,HY,0.044553,ng/mg
20,DA,VL,7.333639,ng/mg
20,DA,DL,4.705894,ng/mg
20,DA,MD,0.026145,ng/mg
61,DA,DLG,0.005773,ng/mg
61,DA,MD,0.035941,ng/mg
20,DA,VPR,0.009297,ng/mg
20,DA,DLG,0.004017,ng/mg
61,DA,VPL,0.0003,ng/mg
20,DA,HY,0.026577,ng/mg
20,DA,SC,0.023706,ng/mg
20,DA,SN,0.0901,ng/mg
61,DA,VPR,0.006286,ng/mg
20,DA,VTA,0.232619,ng/mg
20,DA,DR,0.034729,ng/mg
20,DA,VPL,0.00239,ng/mg
28,DA,NAc,1.4207,ng/mg
28,DA,VM,3.512782,ng/mg
61,DA,vH,0.010156,ng/mg
61,DA,S1L6R,0.487521,ng/mg
32,DA,VM,0.019367,ng/mg
32,DA,SJ,0.03502,ng/mg
32,DA,S1R,0.023752,ng/mg
61,DA,S1L,0.005312,ng/mg
32,DA,S1L,0.004061,ng/mg
32,DA,S1L6R,0.674304,ng/mg
32,DA,S1L6L,0.255156,ng/mg
32,DA,IC,0.290815,ng/mg
61,DA,S1R,0.0045,ng/mg
32,DA,VM,0.010224,ng/mg
32,DA,A,0.343385,ng/mg
61,DA,SJ,0.002128,ng/mg
32,DA,dH,0.062664,ng/mg
32,DA,vH,0.022829,ng/mg
32,DA,NAc,1.707603,ng/mg
61,DA,VM,0.010895,ng/mg
32,DA,VM,5.103536,ng/mg
32,DA,AC,0.010902,ng/mg
32,DA,aCC,0.017704,ng/mg
32,DA,PL,0.022947,ng/mg
61,DA,S1L6L,0.176125,ng/mg
28,DA,DM,6.476889,ng/mg
28,DA,VL,7.637403,ng/mg
28,DA,DL,5.256314,ng/mg
61,DA,dH,0.040213,ng/mg
28,DA,MD,0.068557,ng/mg
28,DA,VPR,0.028899,ng/mg
28,DA,VPL,0.0171,ng/mg
61,DA,A,0.335788,ng/mg
28,DA,DLG,0.006278,ng/mg
28,DA,HY,0.063116,ng/mg
28,DA,SC,0.034373,ng/mg
61,DA,VM,0.00848,ng/mg
28,DA,SN,0.342209,ng/mg
28,DA,VTA,0.299394,ng/mg
28,DA,DR,0.062112,ng/mg
61,DA,AC,0.009651,ng/mg
28,DA,MR,0.018352,ng/mg
28,DA,CB,0.022333,ng/mg
32,DA,OF,0.02732,ng/mg
61,DA,SC,0.092842,ng/mg
20,DA,vH,0.020482,ng/mg
20,DA,dH,0.020279,ng/mg
20,DA,A,0.360774,ng/mg
11,DA,VTA,0.363519,ng/mg
11,DA,DR,0.058304,ng/mg
66,DA,AC,0.03643,ng/mg
11,DA,MR,0.037291,ng/mg
11,DA,CB,0.020591,ng/mg
17,DA,OF,0.020388,ng/mg
66,DA,S1L6L,0.034903,ng/mg
17,DA,PL,0.011915,ng/mg
11,DA,SN,0.112035,ng/mg
17,DA,aCC,0.00688,ng/mg
66,DA,S1L6R,0.681125,ng/mg
17,DA,VM,0.011099,ng/mg
17,DA,SJ,0.001019,ng/mg
17,DA,S1R,0.001969,ng/mg
66,DA,S1L,0.00354,ng/mg
17,DA,S1L,0.001892,ng/mg
17,DA,S1L6R,0.001855,ng/mg
17,DA,S1L6L,0.013964,ng/mg
17,DA,IC,0.011156,ng/mg
66,DA,VM,0.010878,ng/mg
11,DA,SC,0.051601,ng/mg
11,DA,HY,0.00043,ng/mg
11,DA,AC,0.009625,ng/mg
66,DA,VM,4.694242,ng/mg
11,DA,VM,0.006183,ng/mg
11,DA,A,0.188482,ng/mg
11,DA,dH,NA,ng/mg
66,DA,NAc,4.343225,ng/mg
11,DA,vH,0.029834,ng/mg
11,DA,NAc,2.177641,ng/mg
11,DA,VM,4.211535,ng/mg
66,DA,vH,0.034555,ng/mg
11,DA,DM,4.533702,ng/mg
11,DA,VL,8.350795,ng/mg
11,DA,DL,5.017137,ng/mg
66,DA,dH,0.036572,ng/mg
11,DA,MD,0.082475,ng/mg
11,DA,VPR,0.007456,ng/mg
11,DA,VPL,0.003572,ng/mg
66,DA,A,0.288868,ng/mg
11,DA,DLG,0.005155,ng/mg
66,DA,S1R,0.009051,ng/mg
32,DA,VL,8.835628,ng/mg
17,DA,AC,0.102394,ng/mg
17,DA,A,0.234514,ng/mg
17,DA,CB,0.012567,ng/mg
61,DA,CB,0.054356,ng/mg
20,DA,OF,0.009179,ng/mg
20,DA,PL,0.015525,ng/mg
20,DA,aCC,0.015411,ng/mg
61,DA,MR,0.005665,ng/mg
20,DA,IC,0.300066,ng/mg
20,DA,VM,0.014324,ng/mg
17,DA,MR,0.009229,ng/mg
20,DA,SJ,0.000916,ng/mg
20,DA,S1R,0.003146,ng/mg
20,DA,S1L,0.006476,ng/mg
20,DA,S1L6R,0.008114,ng/mg
61,DA,VTA,0.596236,ng/mg
20,DA,S1L6L,0.229704,ng/mg
20,DA,AC,0.012167,ng/mg
20,DA,VM,0.01555,ng/mg
61,DA,SN,0.161518,ng/mg
61,DA,DR,0.045262,ng/mg
17,DA,DR,0.056768,ng/mg
66,DA,OF,0.045518,ng/mg
17,DA,VTA,0.168714,ng/mg
66,DA,SJ,0.001909,ng/mg
17,DA,dH,0.005926,ng/mg
17,DA,vH,0.00375,ng/mg
17,DA,NAc,1.232944,ng/mg
66,DA,VM,0.016,ng/mg
17,DA,VM,0.983176,ng/mg
17,DA,DM,2.69225,ng/mg
17,DA,VL,6.021841,ng/mg
66,DA,IC,0.482631,ng/mg
17,DA,DL,4.295389,ng/mg
17,DA,MD,0.017789,ng/mg
17,DA,VPR,0.001817,ng/mg
66,DA,aCC,0.02145,ng/mg
17,DA,VPL,0.001914,ng/mg
17,DA,DLG,0.000758,ng/mg
17,DA,HY,0.008646,ng/mg
66,DA,PL,0.032484,ng/mg
17,DA,SC,0.025225,ng/mg
17,DA,SN,0.21408,ng/mg
17,DA,VM,0.012176,ng/mg
49,DA,S1L,0.00765,ng/mg
26,DA,DLG,0.005315,ng/mg
42,DA,S1L6R,0.006587,ng/mg
19,DA,CB,0.022562,ng/mg
22,DA,OF,NA,ng/mg
22,DA,PL,0.028175,ng/mg
22,DA,aCC,0.022251,ng/mg
35,DA,MR,0.006835,ng/mg
22,DA,IC,0.231716,ng/mg
22,DA,VM,0.016175,ng/mg
22,DA,SJ,0.006614,ng/mg
35,DA,DR,0.077757,ng/mg
22,DA,S1R,0.006135,ng/mg
22,DA,S1L,0.008687,ng/mg
22,DA,S1L6R,0.899143,ng/mg
35,DA,VTA,0.140106,ng/mg
22,DA,S1L6L,0.624595,ng/mg
22,DA,AC,0.015755,ng/mg
22,DA,VM,0.010456,ng/mg
35,DA,SN,0.285785,ng/mg
19,DA,MR,0.014565,ng/mg
22,DA,A,0.427853,ng/mg
19,DA,DR,0.0881,ng/mg
19,DA,VTA,0.1262,ng/mg
19,DA,vH,0.034408,ng/mg
19,DA,NAc,2.188659,ng/mg
41,DA,VM,0.019705,ng/mg
19,DA,VM,4.744221,ng/mg
19,DA,DM,3.063179,ng/mg
19,DA,VL,9.540956,ng/mg
41,DA,IC,0.184211,ng/mg
19,DA,DL,3.371343,ng/mg
19,DA,MD,0.041585,ng/mg
19,DA,VPR,0.005773,ng/mg
41,DA,aCC,0.020355,ng/mg
19,DA,VPL,0.00484,ng/mg
19,DA,DLG,0.0058,ng/mg
19,DA,HY,0.037493,ng/mg
41,DA,PL,0.032556,ng/mg
19,DA,SC,0.052188,ng/mg
19,DA,SN,0.090178,ng/mg
41,DA,OF,0.0244,ng/mg
19,DA,dH,0.015181,ng/mg
22,DA,dH,0.079492,ng/mg
35,DA,SC,0.048346,ng/mg
27,DA,OF,0.008687,ng/mg
27,DA,PL,0.027732,ng/mg
35,DA,DL,4.106785,ng/mg
27,DA,aCC,0.023253,ng/mg
27,DA,IC,0.056451,ng/mg
27,DA,VM,0.007783,ng/mg
35,DA,VL,7.980639,ng/mg
27,DA,SJ,0.000614,ng/mg
27,DA,S1R,0.003646,ng/mg
27,DA,S1L,0.006014,ng/mg
35,DA,DM,5.006652,ng/mg
27,DA,S1L6R,0.011059,ng/mg
27,DA,S1L6L,0.050111,ng/mg
27,DA,AC,0.006814,ng/mg
35,DA,VM,1.347886,ng/mg
27,DA,VM,0.001835,ng/mg
27,DA,A,0.270337,ng/mg
22,DA,CB,0.019605,ng/mg
22,DA,vH,0.016051,ng/mg
35,DA,MD,0.012777,ng/mg
22,DA,DR,0.043474,ng/mg
22,DA,NAc,3.245412,ng/mg
22,DA,VM,3.488109,ng/mg
22,DA,DM,3.641155,ng/mg
35,DA,HY,0.038976,ng/mg
22,DA,VL,9.28237,ng/mg
22,DA,DL,5.170651,ng/mg
22,DA,MD,0.044333,ng/mg
35,DA,DLG,0.001833,ng/mg
22,DA,VPR,0.068451,ng/mg
22,DA,VPL,0.102327,ng/mg
22,DA,DLG,0.012863,ng/mg
35,DA,VPL,0.004565,ng/mg
22,DA,HY,0.074302,ng/mg
22,DA,SC,0.043186,ng/mg
22,DA,SN,0.136,ng/mg
35,DA,VPR,0.004941,ng/mg
22,DA,VTA,0.279333,ng/mg
22,DA,MR,NA,ng/mg
41,DA,SJ,0.005324,ng/mg
19,DA,A,0.141601,ng/mg
42,DA,S1L,0.002274,ng/mg
16,DA,DR,0.050936,ng/mg
16,DA,MR,0.00892,ng/mg
41,DA,MD,0.058014,ng/mg
16,DA,CB,0.086498,ng/mg
18,DA,OF,0.022788,ng/mg
18,DA,PL,0.033373,ng/mg
41,DA,DL,6.28416,ng/mg
18,DA,aCC,0.023543,ng/mg
18,DA,IC,0.731043,ng/mg
18,DA,VM,0.018208,ng/mg
41,DA,VL,7.227493,ng/mg
18,DA,SJ,0.041639,ng/mg
18,DA,S1R,0.007166,ng/mg
18,DA,S1L,0.007336,ng/mg
41,DA,DM,6.93497,ng/mg
18,DA,S1L6R,2.05332,ng/mg
18,DA,S1L6L,0.2904,ng/mg
16,DA,VTA,0.340638,ng/mg
18,DA,AC,0.017369,ng/mg
41,DA,VPR,0.039438,ng/mg
16,DA,SC,0.078256,ng/mg
16,DA,A,0.32188,ng/mg
16,DA,dH,0.075071,ng/mg
16,DA,vH,0.02564,ng/mg
41,DA,SC,0.055914,ng/mg
16,DA,NAc,2.526294,ng/mg
16,DA,VM,4.181426,ng/mg
16,DA,DM,4.352407,ng/mg
41,DA,HY,0.102279,ng/mg
16,DA,VL,7.116721,ng/mg
16,DA,DL,4.877275,ng/mg
16,DA,MD,0.029038,ng/mg
41,DA,DLG,0.009622,ng/mg
16,DA,VPR,0.007619,ng/mg
16,DA,VPL,0.00976,ng/mg
16,DA,DLG,0.006075,ng/mg
41,DA,VPL,0.013911,ng/mg
16,DA,HY,0.218943,ng/mg
16,DA,SN,0.104411,ng/mg
41,DA,VM,6.452708,ng/mg
18,DA,VM,0.000113,ng/mg
18,DA,A,0.312668,ng/mg
18,DA,MR,0.057173,ng/mg
18,DA,CB,0.011692,ng/mg
19,DA,OF,0.005094,ng/mg
41,DA,S1L6L,1.187765,ng/mg
19,DA,PL,0.013195,ng/mg
19,DA,aCC,0.025811,ng/mg
19,DA,IC,0.045389,ng/mg
41,DA,S1L6R,1.293914,ng/mg
19,DA,VM,0.015351,ng/mg
19,DA,SJ,0.00218,ng/mg
19,DA,S1R,0.005591,ng/mg
41,DA,S1L,0.042939,ng/mg
19,DA,S1L,0.027996,ng/mg
19,DA,S1L6R,0.022136,ng/mg
19,DA,S1L6L,0.154813,ng/mg
41,DA,S1R,0.006421,ng/mg
19,DA,AC,0.012787,ng/mg
41,DA,AC,0.007338,ng/mg
18,DA,DR,0.075007,ng/mg
18,DA,VTA,0.418208,ng/mg
18,DA,SN,0.100009,ng/mg
18,DA,dH,0.048634,ng/mg
41,DA,NAc,1.439025,ng/mg
18,DA,vH,0.039042,ng/mg
18,DA,NAc,1.347476,ng/mg
18,DA,VM,3.581632,ng/mg
41,DA,vH,NA,ng/mg
18,DA,DM,5.262643,ng/mg
18,DA,VL,8.580347,ng/mg
27,DA,dH,0.014923,ng/mg
18,DA,DL,7.187177,ng/mg
18,DA,MD,0.0817,ng/mg
18,DA,VPR,0.013316,ng/mg
18,DA,VPL,0.01,ng/mg
41,DA,A,0.335496,ng/mg
18,DA,DLG,0.008008,ng/mg
18,DA,HY,0.045616,ng/mg
18,DA,SC,0.050634,ng/mg
41,DA,VM,0.007724,ng/mg
41,DA,dH,0.029993,ng/mg
41,DA,SN,0.162637,ng/mg
35,DA,NAc,1.710288,ng/mg
27,DA,NAc,3.772086,ng/mg
39,DA,aCC,0.028114,ng/mg
39,DA,IC,0.061755,ng/mg
39,DA,VM,0.009618,ng/mg
25,DA,VL,6.964196,ng/mg
39,DA,SJ,0.001752,ng/mg
39,DA,S1R,0.007602,ng/mg
39,DA,S1L,0.003145,ng/mg
25,DA,DM,3.034409,ng/mg
39,DA,S1L6R,0.004525,ng/mg
39,DA,S1L6L,0.004769,ng/mg
39,DA,AC,0.044663,ng/mg
25,DA,VM,NA,ng/mg
39,DA,VM,0.003306,ng/mg
39,DA,A,0.169839,ng/mg
39,DA,dH,0.014588,ng/mg
25,DA,NAc,2.316675,ng/mg
39,DA,vH,0.005837,ng/mg
25,DA,DL,3.892247,ng/mg
39,DA,NAc,3.100377,ng/mg
39,DA,PL,0.022227,ng/mg
37,DA,CB,0.286962,ng/mg
25,DA,HY,0.067495,ng/mg
37,DA,VL,5.337576,ng/mg
37,DA,DL,6.506605,ng/mg
37,DA,MD,0.04707,ng/mg
25,DA,DLG,0.00134,ng/mg
37,DA,VPR,NA,ng/mg
37,DA,VPL,0.030962,ng/mg
37,DA,DLG,0.0072,ng/mg
25,DA,VPL,0.003087,ng/mg
37,DA,HY,0.144721,ng/mg
37,DA,SC,0.069618,ng/mg
37,DA,SN,0.447657,ng/mg
25,DA,VPR,0.004855,ng/mg
37,DA,VTA,0.320795,ng/mg
37,DA,DR,0.117,ng/mg
37,DA,MR,0.046807,ng/mg
25,DA,MD,0.028962,ng/mg
39,DA,OF,0.010529,ng/mg
37,DA,DM,2.670726,ng/mg
39,DA,VM,3.498026,ng/mg
39,DA,DM,3.156809,ng/mg
46,DA,IC,0.735651,ng/mg
25,DA,S1L6R,0.003862,ng/mg
46,DA,VM,0.015938,ng/mg
46,DA,SJ,0.000916,ng/mg
46,DA,S1R,0.015141,ng/mg
25,DA,S1L,0.005414,ng/mg
46,DA,S1L,0.017486,ng/mg
46,DA,S1L6R,0.050825,ng/mg
46,DA,S1L6L,0.053216,ng/mg
25,DA,S1R,0.003941,ng/mg
46,DA,AC,0.008887,ng/mg
46,DA,VM,0.017393,ng/mg
46,DA,A,0.18204,ng/mg
25,DA,SJ,0.003651,ng/mg
46,DA,dH,0.042975,ng/mg
46,DA,vH,0.007488,ng/mg
46,DA,NAc,3.571027,ng/mg
46,DA,aCC,0.028838,ng/mg
25,DA,vH,0.017792,ng/mg
46,DA,PL,0.036389,ng/mg
46,DA,OF,0.007819,ng/mg
39,DA,VL,6.851617,ng/mg
39,DA,DL,4.194088,ng/mg
25,DA,dH,0.011276,ng/mg
39,DA,MD,0.028188,ng/mg
39,DA,VPR,0.013435,ng/mg
39,DA,VPL,0.006133,ng/mg
25,DA,A,0.154472,ng/mg
39,DA,DLG,0.002208,ng/mg
39,DA,HY,0.031248,ng/mg
39,DA,SC,0.014146,ng/mg
25,DA,VM,0.012865,ng/mg
39,DA,SN,0.12539,ng/mg
39,DA,VTA,0.184073,ng/mg
39,DA,DR,0.084533,ng/mg
25,DA,AC,0.0114,ng/mg
39,DA,MR,0.009538,ng/mg
39,DA,CB,0.025422,ng/mg
25,DA,S1L6L,0.019464,ng/mg
37,DA,VM,3.522717,ng/mg
37,DA,NAc,3.018605,ng/mg
25,DA,SC,0.057082,ng/mg
35,DA,S1L6L,0.006789,ng/mg
30,DA,PL,0.018503,ng/mg
30,DA,aCC,0.028774,ng/mg
30,DA,IC,0.152933,ng/mg
35,DA,S1L6R,0.004435,ng/mg
30,DA,VM,0.012718,ng/mg
30,DA,SJ,0.002937,ng/mg
30,DA,S1R,0.005662,ng/mg
35,DA,S1L,0.00552,ng/mg
30,DA,S1L,0.003309,ng/mg
30,DA,S1L6R,0.149221,ng/mg
30,DA,S1L6L,0.113735,ng/mg
35,DA,S1R,0.004548,ng/mg
30,DA,AC,0.017241,ng/mg
30,DA,VM,0.007329,ng/mg
30,DA,A,0.424194,ng/mg
35,DA,SJ,0.000914,ng/mg
30,DA,OF,0.014033,ng/mg
30,DA,dH,0.016207,ng/mg
27,DA,CB,0.044888,ng/mg
35,DA,AC,0.033472,ng/mg
27,DA,VM,5.399638,ng/mg
35,DA,vH,0.004261,ng/mg
27,DA,DM,5.793083,ng/mg
27,DA,VL,10.15987,ng/mg
27,DA,DL,5.995707,ng/mg
35,DA,dH,0.011109,ng/mg
27,DA,MD,0.047244,ng/mg
27,DA,VPR,0.007916,ng/mg
27,DA,VPL,0.002824,ng/mg
35,DA,A,0.105626,ng/mg
27,DA,DLG,0.00155,ng/mg
27,DA,HY,0.035208,ng/mg
27,DA,SC,0.037883,ng/mg
35,DA,VM,0.036154,ng/mg
27,DA,SN,0.21008,ng/mg
27,DA,VTA,0.20359,ng/mg
27,DA,DR,0.0518,ng/mg
27,DA,MR,0.170438,ng/mg
30,DA,vH,0.022591,ng/mg
30,DA,NAc,1.302261,ng/mg
35,DA,VM,0.007611,ng/mg
37,DA,aCC,0.024774,ng/mg
25,DA,MR,0.00875,ng/mg
37,DA,IC,0.552079,ng/mg
37,DA,VM,0.018285,ng/mg
37,DA,SJ,0.083421,ng/mg
25,DA,DR,0.0557,ng/mg
37,DA,S1R,0.007283,ng/mg
37,DA,S1L,0.004268,ng/mg
37,DA,S1L6R,0.134177,ng/mg
25,DA,VTA,0.410823,ng/mg
37,DA,S1L6L,0.286125,ng/mg
37,DA,AC,0.016111,ng/mg
37,DA,VM,0.008289,ng/mg
25,DA,SN,0.074676,ng/mg
37,DA,A,1.053482,ng/mg
37,DA,dH,0.053519,ng/mg
37,DA,vH,0.057629,ng/mg
37,DA,PL,0.044083,ng/mg
37,DA,OF,0.028452,ng/mg
25,DA,CB,0.021842,ng/mg
30,DA,CB,0.257355,ng/mg
30,DA,VM,3.844087,ng/mg
30,DA,DM,3.885894,ng/mg
30,DA,VL,6.273938,ng/mg
35,DA,IC,0.018255,ng/mg
30,DA,DL,5.493508,ng/mg
30,DA,MD,0.046818,ng/mg
30,DA,VPR,0.003739,ng/mg
35,DA,aCC,0.014452,ng/mg
27,DA,vH,0.009352,ng/mg
30,DA,VPL,0.021232,ng/mg
30,DA,HY,0.553047,ng/mg
35,DA,PL,0.014473,ng/mg
30,DA,SC,0.083986,ng/mg
30,DA,SN,0.095661,ng/mg
30,DA,VTA,0.717267,ng/mg
35,DA,OF,0.022325,ng/mg
30,DA,DR,0.077907,ng/mg
30,DA,MR,0.013238,ng/mg
30,DA,DLG,0.0063,ng/mg
16,DA,VM,0.006349,ng/mg
19,DA,VM,0.009565,ng/mg
38,DA,CB,0.026847,ng/mg
48,DA,IC,0.32611,ng/mg
65,DA,SJ,0.386301,ng/mg
65,DA,VM,0.014318,ng/mg
45,DA,S1L6R,0.758319,ng/mg
65,DA,IC,2.213394,ng/mg
48,DA,SJ,0.001523,ng/mg
45,DA,DR,0.0507,ng/mg
48,DA,S1R,0.004423,ng/mg
65,DA,aCC,0.014906,ng/mg
65,DA,PL,0.022007,ng/mg
48,DA,S1L,0.003677,ng/mg
45,DA,S1L6L,0.192424,ng/mg
65,DA,OF,0.007029,ng/mg
48,DA,S1L6R,0.006587,ng/mg
63,DA,CB,0.009015,ng/mg
63,DA,MR,0.012576,ng/mg
45,DA,VTA,0.255517,ng/mg
45,DA,AC,0.011148,ng/mg
48,DA,S1L6L,0.021786,ng/mg
48,DA,AC,0.031387,ng/mg
63,DA,DR,0.053213,ng/mg
63,DA,VTA,0.526924,ng/mg
48,DA,VM,0.009947,ng/mg
63,DA,SN,0.174136,ng/mg
45,DA,VM,0.000303,ng/mg
45,DA,MR,0.00903,ng/mg
65,DA,S1R,0.005266,ng/mg
45,DA,S1L,0.005949,ng/mg
65,DA,S1L,0.003958,ng/mg
65,DA,VL,6.735828,ng/mg
49,DA,PL,0.037594,ng/mg
42,DA,SC,0.037883,ng/mg
42,DA,SN,0.05238,ng/mg
65,DA,DM,5.586452,ng/mg
65,DA,VM,5.551832,ng/mg
45,DA,VM,0.013851,ng/mg
42,DA,VTA,0.532842,ng/mg
65,DA,NAc,2.997085,ng/mg
49,DA,OF,0.013644,ng/mg
65,DA,vH,0.005965,ng/mg
65,DA,dH,0.011707,ng/mg
63,DA,SC,0.070718,ng/mg
42,DA,DR,0.016716,ng/mg
45,DA,SJ,0.00225,ng/mg
65,DA,A,0.171109,ng/mg
42,DA,CB,0.022188,ng/mg
45,DA,CB,0.013838,ng/mg
65,DA,VM,0.005708,ng/mg
48,DA,OF,0.012877,ng/mg
65,DA,AC,0.026296,ng/mg
45,DA,S1R,0.006492,ng/mg
65,DA,S1L6L,0.017667,ng/mg
48,DA,PL,0.016529,ng/mg
65,DA,S1L6R,0.312275,ng/mg
48,DA,aCC,0.010258,ng/mg
42,DA,MR,0.003765,ng/mg
45,DA,IC,2.000313,ng/mg
45,DA,SN,0.078467,ng/mg
48,DA,dH,0.011062,ng/mg
45,DA,VM,4.35885,ng/mg
63,DA,AC,0.010303,ng/mg
48,DA,DLG,0.001665,ng/mg
45,DA,VPL,0.011031,ng/mg
63,DA,S1L6L,0.018625,ng/mg
63,DA,S1L6R,0.022625,ng/mg
48,DA,HY,NA,ng/mg
48,DA,SC,0.043943,ng/mg
45,DA,DM,3.993302,ng/mg
63,DA,S1L,0.003406,ng/mg
63,DA,S1R,0.004195,ng/mg
48,DA,SN,0.1535,ng/mg
63,DA,SJ,0.002051,ng/mg
45,DA,VPR,0.040453,ng/mg
48,DA,VTA,0.35077,ng/mg
45,DA,VL,8.351705,ng/mg
63,DA,VM,0.015911,ng/mg
48,DA,DR,0.061613,ng/mg
63,DA,IC,0.136405,ng/mg
63,DA,aCC,0.014287,ng/mg
45,DA,DL,5.052477,ng/mg
48,DA,MR,0.009086,ng/mg
45,DA,MD,0.062249,ng/mg
63,DA,PL,0.026181,ng/mg
48,DA,CB,0.026893,ng/mg
63,DA,VM,0.011531,ng/mg
48,DA,VPL,0.01032,ng/mg
63,DA,A,0.1468,ng/mg
48,DA,VPR,0.006107,ng/mg
63,DA,HY,0.030095,ng/mg
63,DA,DLG,0.003716,ng/mg
45,DA,A,0.798719,ng/mg
63,DA,VPL,0.0042,ng/mg
48,DA,vH,0.020252,ng/mg
45,DA,SC,0.035839,ng/mg
48,DA,NAc,2.717926,ng/mg
63,DA,VPR,0.00505,ng/mg
63,DA,MD,0.049873,ng/mg
48,DA,VM,6.288312,ng/mg
45,DA,dH,0.057977,ng/mg
63,DA,DL,6.015677,ng/mg
48,DA,A,0.151477,ng/mg
48,DA,DM,3.570532,ng/mg
45,DA,HY,0.157324,ng/mg
63,DA,DM,2.393967,ng/mg
45,DA,vH,0.029569,ng/mg
48,DA,VL,3.423325,ng/mg
63,DA,VM,5.699978,ng/mg
48,DA,DL,5.431812,ng/mg
63,DA,NAc,2.750377,ng/mg
48,DA,MD,0.026986,ng/mg
45,DA,DLG,0.01202,ng/mg
63,DA,vH,0.020139,ng/mg
45,DA,NAc,1.103837,ng/mg
63,DA,dH,0.010614,ng/mg
63,DA,VL,7.866227,ng/mg
65,DA,DL,6.07083,ng/mg
48,DA,VM,0.014466,ng/mg
42,DA,HY,0.042264,ng/mg
16,DA,OF,NA,ng/mg
41,DA,CB,0.021639,ng/mg
49,DA,VM,0.018051,ng/mg
42,DA,VM,4.330842,ng/mg
65,DA,CB,0.028071,ng/mg
65,DA,MR,0.015529,ng/mg
65,DA,DR,0.05414,ng/mg
42,DA,DM,3.392325,ng/mg
42,DA,VL,7.581948,ng/mg
45,DA,OF,0.020968,ng/mg
65,DA,VTA,0.376585,ng/mg
49,DA,IC,0.231304,ng/mg
65,DA,SN,0.218829,ng/mg
42,DA,DL,5.563771,ng/mg
42,DA,MD,0.028453,ng/mg
65,DA,SC,0.042612,ng/mg
45,DA,PL,0.023821,ng/mg
42,DA,NAc,1.683281,ng/mg
16,DA,PL,0.03785,ng/mg
42,DA,vH,0.019601,ng/mg
16,DA,aCC,0.031036,ng/mg
16,DA,AC,0.007516,ng/mg
16,DA,S1L6L,0.584647,ng/mg
41,DA,VTA,0.617487,ng/mg
16,DA,S1L6R,0.920371,ng/mg
42,DA,S1L6L,0.00537,ng/mg
49,DA,S1R,0.008272,ng/mg
16,DA,S1L,0.006508,ng/mg
42,DA,AC,0.007994,ng/mg
65,DA,HY,0.049073,ng/mg
16,DA,S1R,0.006238,ng/mg
42,DA,VM,0.007568,ng/mg
42,DA,A,0.207075,ng/mg
16,DA,SJ,0.011582,ng/mg
16,DA,VM,0.01036,ng/mg
49,DA,SJ,0.001492,ng/mg
16,DA,IC,1.291573,ng/mg
42,DA,dH,0.005888,ng/mg
41,DA,MR,0.0352,ng/mg
41,DA,DR,0.095025,ng/mg
65,DA,DLG,0.003675,ng/mg
63,DA,OF,0.009,ng/mg
42,DA,DLG,0.005383,ng/mg
42,DA,VPR,0.004006,ng/mg
42,DA,VPL,0.002171,ng/mg
49,DA,aCC,0.019148,ng/mg
65,DA,VPL,0.005147,ng/mg
45,DA,aCC,0.012948,ng/mg
65,DA,VPR,0.009493,ng/mg
65,DA,MD,0.029015,ng/mg
51,5HT,VM,0.330449,ng/mg
49,5HT,S1L6L,0.118561,ng/mg
40,5HT,aCC,0.083309,ng/mg
49,5HT,VTA,0.535673,ng/mg
69,5HT,SC,0.36542,ng/mg
25,5HT,VM,NA,ng/mg
35,5HT,PL,0.045264,ng/mg
66,5HT,MD,0.345848,ng/mg
40,5HT,AC,0.116913,ng/mg
69,5HT,S1L6R,0.191495,ng/mg
40,5HT,SC,0.316785,ng/mg
45,5HT,DLG,0.525,ng/mg
66,5HT,DL,0.166995,ng/mg
51,5HT,VTA,0.286495,ng/mg
49,5HT,DR,0.560662,ng/mg
49,5HT,SJ,0.170174,ng/mg
51,5HT,VM,0.139241,ng/mg
69,5HT,SN,0.621239,ng/mg
25,5HT,S1R,0.072174,ng/mg
66,5HT,VL,0.384969,ng/mg
21,5HT,VM,0.329142,ng/mg
35,5HT,aCC,0.056491,ng/mg
25,5HT,S1L,0.140194,ng/mg
66,5HT,VPR,0.171162,ng/mg
51,5HT,DL,0.192465,ng/mg
40,5HT,VPL,0.08853,ng/mg
66,5HT,HY,0.397344,ng/mg
21,5HT,VL,0.324443,ng/mg
40,5HT,S1L6R,0.072072,ng/mg
45,5HT,HY,0.323529,ng/mg
25,5HT,CB,0.137214,ng/mg
51,5HT,SN,0.490114,ng/mg
66,5HT,DLG,0.318774,ng/mg
69,5HT,HY,0.299941,ng/mg
49,5HT,VM,0.295538,ng/mg
49,5HT,SN,0.695679,ng/mg
40,5HT,DLG,0.119976,ng/mg
21,5HT,DR,0.150192,ng/mg
35,5HT,OF,0.076003,ng/mg
49,5HT,OF,0.18899,ng/mg
49,5HT,vH,0.449907,ng/mg
66,5HT,VPL,0.152883,ng/mg
25,5HT,PL,0.1453,ng/mg
69,5HT,A,0.556771,ng/mg
21,5HT,DM,0.286602,ng/mg
51,5HT,SJ,0.191263,ng/mg
35,5HT,IC,0.108073,ng/mg
40,5HT,HY,0.360853,ng/mg
69,5HT,NAc,0.162736,ng/mg
40,5HT,SN,0.527801,ng/mg
40,5HT,IC,0.138567,ng/mg
25,5HT,NAc,0.109933,ng/mg
49,5HT,PL,0.214653,ng/mg
40,5HT,OF,0.195811,ng/mg
51,5HT,VPR,0.102716,ng/mg
66,5HT,dH,0.24481,ng/mg
40,5HT,MR,0.255386,ng/mg
52,5HT,OF,0.085948,ng/mg
21,5HT,dH,0.256936,ng/mg
51,5HT,DM,0.228496,ng/mg
49,5HT,S1R,0.120136,ng/mg
45,5HT,MD,0.351675,ng/mg
35,5HT,S1L,0.06536,ng/mg
66,5HT,A,0.264741,ng/mg
51,5HT,aCC,0.072902,ng/mg
40,5HT,S1L6L,0.108121,ng/mg
25,5HT,IC,0.094343,ng/mg
69,5HT,MR,0.569673,ng/mg
40,5HT,CB,0.054746,ng/mg
25,5HT,VM,0.100601,ng/mg
49,5HT,S1L,0.143806,ng/mg
66,5HT,VM,0.072544,ng/mg
35,5HT,S1L6R,0.049934,ng/mg
52,5HT,PL,0.105198,ng/mg
35,5HT,S1R,0.065726,ng/mg
49,5HT,NAc,0.222791,ng/mg
66,5HT,vH,0.427081,ng/mg
51,5HT,DR,0.550245,ng/mg
45,5HT,VPL,0.206756,ng/mg
25,5HT,aCC,0.092327,ng/mg
21,5HT,NAc,0.247595,ng/mg
66,5HT,DM,0.233594,ng/mg
51,5HT,A,0.3169,ng/mg
49,5HT,MR,0.262612,ng/mg
40,5HT,PL,0.153815,ng/mg
35,5HT,VM,0.068167,ng/mg
69,5HT,dH,0.256239,ng/mg
40,5HT,VTA,0.202354,ng/mg
66,5HT,VM,0.495971,ng/mg
25,5HT,vH,0.381285,ng/mg
69,5HT,VTA,0.405135,ng/mg
51,5HT,IC,0.153527,ng/mg
49,5HT,S1L6R,0.12837,ng/mg
21,5HT,VTA,0.269205,ng/mg
35,5HT,SJ,0.08402,ng/mg
66,5HT,NAc,0.2604,ng/mg
21,5HT,vH,0.591061,ng/mg
25,5HT,SJ,0.163154,ng/mg
51,5HT,VL,0.356122,ng/mg
69,5HT,DR,0.958545,ng/mg
40,5HT,DR,0.630092,ng/mg
49,5HT,CB,0.057088,ng/mg
45,5HT,VPR,0.196304,ng/mg
25,5HT,S1L6R,0.103936,ng/mg
25,5HT,MR,0.503014,ng/mg
51,5HT,S1R,0.053724,ng/mg
40,5HT,NAc,0.244422,ng/mg
21,5HT,DLG,0.576636,ng/mg
69,5HT,VM,0.221087,ng/mg
45,5HT,DR,1.036257,ng/mg
49,5HT,DM,0.353528,ng/mg
25,5HT,VPL,0.077446,ng/mg
40,5HT,S1R,0.115519,ng/mg
49,5HT,MD,0.32807,ng/mg
51,5HT,S1L6L,0.078647,ng/mg
51,5HT,vH,0.337271,ng/mg
51,5HT,MD,0.168854,ng/mg
69,5HT,IC,0.232974,ng/mg
40,5HT,VM,0.289283,ng/mg
25,5HT,VM,0.098412,ng/mg
25,5HT,DLG,0.088379,ng/mg
49,5HT,A,0.485969,ng/mg
25,5HT,VL,0.138641,ng/mg
51,5HT,VM,0.080664,ng/mg
69,5HT,aCC,0.175013,ng/mg
21,5HT,VPL,0.263679,ng/mg
21,5HT,CB,0.087122,ng/mg
49,5HT,VPR,0.291638,ng/mg
69,5HT,DL,0.258069,ng/mg
21,5HT,A,0.371273,ng/mg
40,5HT,A,0.3892,ng/mg
69,5HT,SJ,0.319776,ng/mg
69,5HT,DM,0.32476,ng/mg
25,5HT,DL,0.081205,ng/mg
40,5HT,S1L,0.080571,ng/mg
49,5HT,dH,0.194964,ng/mg
49,5HT,aCC,0.095715,ng/mg
40,5HT,dH,0.126296,ng/mg
49,5HT,VL,0.187815,ng/mg
21,5HT,MR,0.535779,ng/mg
69,5HT,S1L,0.13347,ng/mg
45,5HT,MR,0.299133,ng/mg
25,5HT,MD,0.111583,ng/mg
21,5HT,SC,0.303571,ng/mg
21,5HT,HY,0.193935,ng/mg
51,5HT,AC,0.077185,ng/mg
69,5HT,S1R,0.224605,ng/mg
40,5HT,vH,0.23777,ng/mg
45,5HT,CB,0.064774,ng/mg
25,5HT,A,0.210686,ng/mg
51,5HT,DLG,0.122831,ng/mg
49,5HT,DL,0.1991,ng/mg
69,5HT,VL,0.314701,ng/mg
69,5HT,S1L6L,0.122674,ng/mg
25,5HT,VPR,0.092503,ng/mg
25,5HT,dH,0.174389,ng/mg
51,5HT,HY,0.298219,ng/mg
40,5HT,DM,0.363561,ng/mg
69,5HT,PL,0.233324,ng/mg
40,5HT,VM,0.213822,ng/mg
66,5HT,DR,0.867902,ng/mg
69,5HT,vH,0.29273,ng/mg
25,5HT,VTA,0.300502,ng/mg
51,5HT,SC,0.193739,ng/mg
40,5HT,MD,0.273963,ng/mg
69,5HT,VPL,0.216184,ng/mg
66,5HT,VTA,0.35832,ng/mg
40,5HT,VM,0.074502,ng/mg
21,5HT,SN,0.333988,ng/mg
49,5HT,HY,0.414651,ng/mg
25,5HT,OF,0.114224,ng/mg
25,5HT,DR,0.3711,ng/mg
21,5HT,DL,0.221894,ng/mg
66,5HT,SN,0.664029,ng/mg
51,5HT,NAc,0.18162,ng/mg
45,5HT,SC,0.270461,ng/mg
69,5HT,VM,0.118024,ng/mg
40,5HT,VPR,0.099118,ng/mg
49,5HT,VM,0.272402,ng/mg
69,5HT,DLG,0.314773,ng/mg
66,5HT,SC,0.45774,ng/mg
49,5HT,AC,0.114377,ng/mg
25,5HT,S1L6L,0.157158,ng/mg
49,5HT,SC,0.352336,ng/mg
25,5HT,DM,0.059006,ng/mg
49,5HT,DLG,0.462374,ng/mg
25,5HT,HY,0.235242,ng/mg
69,5HT,MD,0.310217,ng/mg
45,5HT,VTA,0.218514,ng/mg
40,5HT,SJ,0.199455,ng/mg
49,5HT,IC,0.171757,ng/mg
51,5HT,S1L6R,0.076074,ng/mg
69,5HT,OF,0.298359,ng/mg
25,5HT,AC,0.140808,ng/mg
21,5HT,VPR,0.38537,ng/mg
40,5HT,VL,0.285817,ng/mg
25,5HT,SC,0.36533,ng/mg
49,5HT,VPL,0.289822,ng/mg
69,5HT,AC,0.090287,ng/mg
66,5HT,CB,0.066857,ng/mg
51,5HT,VPL,0.032787,ng/mg
69,5HT,VM,0.552828,ng/mg
69,5HT,VPR,0.201643,ng/mg
45,5HT,SN,0.585845,ng/mg
25,5HT,SN,0.408696,ng/mg
66,5HT,MR,0.329368,ng/mg
40,5HT,DL,0.135222,ng/mg
49,5HT,VM,0.058028,ng/mg
51,5HT,dH,0.205702,ng/mg
21,5HT,MD,0.102851,ng/mg
51,5HT,S1L,0.050297,ng/mg
41,5HT,SN,0.756168,ng/mg
51,5HT,MR,0.180035,ng/mg
52,5HT,DLG,0.127462,ng/mg
58,5HT,MR,0.444577,ng/mg
57,5HT,HY,0.454385,ng/mg
44,5HT,VTA,0.192087,ng/mg
41,5HT,S1L6L,0.125665,ng/mg
58,5HT,DR,0.804497,ng/mg
57,5HT,S1L6R,0.087661,ng/mg
52,5HT,HY,0.093288,ng/mg
45,5HT,IC,0.245129,ng/mg
58,5HT,VTA,0.402836,ng/mg
44,5HT,DR,0.474837,ng/mg
41,5HT,AC,0.147449,ng/mg
57,5HT,DLG,0.129394,ng/mg
50,5HT,VL,0.122361,ng/mg
58,5HT,SN,0.667164,ng/mg
41,5HT,VM,0.073581,ng/mg
44,5HT,MR,0.451149,ng/mg
50,5HT,OF,0.036189,ng/mg
57,5HT,VPR,0.160642,ng/mg
41,5HT,dH,0.190787,ng/mg
57,5HT,S1L6L,0.077213,ng/mg
58,5HT,DLG,0.178961,ng/mg
52,5HT,SN,0.419027,ng/mg
41,5HT,S1L6R,0.126553,ng/mg
50,5HT,DM,0.123156,ng/mg
41,5HT,A,0.308817,ng/mg
58,5HT,HY,0.312901,ng/mg
57,5HT,VPL,0.096824,ng/mg
45,5HT,aCC,0.088354,ng/mg
58,5HT,SC,0.302242,ng/mg
52,5HT,SC,0.264942,ng/mg
44,5HT,CB,0.040862,ng/mg
50,5HT,DL,0.081484,ng/mg
58,5HT,CB,0.103037,ng/mg
44,5HT,SN,0.545859,ng/mg
44,5HT,DLG,0.182929,ng/mg
61,5HT,VM,0.143902,ng/mg
41,5HT,VM,0.173376,ng/mg
45,5HT,S1R,0.100975,ng/mg
57,5HT,VTA,0.269391,ng/mg
61,5HT,SJ,0.150096,ng/mg
52,5HT,MD,0.123031,ng/mg
50,5HT,VPR,0.096945,ng/mg
44,5HT,VPL,0.072567,ng/mg
41,5HT,IC,0.206477,ng/mg
61,5HT,S1R,0.134283,ng/mg
52,5HT,DL,0.109994,ng/mg
57,5HT,DR,0.773182,ng/mg
61,5HT,S1L,0.076091,ng/mg
57,5HT,S1R,0.068719,ng/mg
58,5HT,VPL,0.312554,ng/mg
61,5HT,IC,0.150505,ng/mg
57,5HT,SN,0.747757,ng/mg
45,5HT,VM,0.18043,ng/mg
41,5HT,S1L,0.149406,ng/mg
61,5HT,OF,0.21948,ng/mg
57,5HT,SC,0.453752,ng/mg
52,5HT,VPL,0.038468,ng/mg
44,5HT,SC,0.200407,ng/mg
41,5HT,SJ,0.187737,ng/mg
57,5HT,S1L,0.070357,ng/mg
41,5HT,S1R,0.131307,ng/mg
45,5HT,SJ,0.154371,ng/mg
50,5HT,MD,0.100981,ng/mg
61,5HT,aCC,0.065698,ng/mg
52,5HT,VPR,0.081032,ng/mg
44,5HT,HY,0.110609,ng/mg
61,5HT,PL,0.157191,ng/mg
44,5HT,VPR,0.081603,ng/mg
45,5HT,PL,0.116696,ng/mg
41,5HT,vH,0.49237,ng/mg
50,5HT,S1R,0.056744,ng/mg
58,5HT,A,0.218618,ng/mg
58,5HT,PL,0.155043,ng/mg
41,5HT,VPR,0.210623,ng/mg
58,5HT,VM,0.033454,ng/mg
50,5HT,S1L,0.10329,ng/mg
57,5HT,VM,0.269098,ng/mg
50,5HT,dH,0.10406,ng/mg
41,5HT,DR,0.861705,ng/mg
58,5HT,AC,0.09917,ng/mg
41,5HT,VPL,0.185193,ng/mg
57,5HT,A,0.1804,ng/mg
58,5HT,aCC,0.055077,ng/mg
50,5HT,S1L6R,0.038614,ng/mg
58,5HT,S1L6L,0.080851,ng/mg
57,5HT,NAc,0.148192,ng/mg
41,5HT,DLG,0.36952,ng/mg
58,5HT,SJ,0.143433,ng/mg
57,5HT,dH,0.11258,ng/mg
58,5HT,VM,0.21793,ng/mg
41,5HT,SC,0.262581,ng/mg
58,5HT,S1R,0.151008,ng/mg
50,5HT,AC,0.08245,ng/mg
41,5HT,MD,0.865486,ng/mg
57,5HT,vH,0.367547,ng/mg
41,5HT,HY,0.279029,ng/mg
58,5HT,IC,0.220743,ng/mg
50,5HT,A,0.231657,ng/mg
50,5HT,S1L6L,0.074938,ng/mg
41,5HT,VTA,0.649812,ng/mg
58,5HT,S1L6R,0.126313,ng/mg
58,5HT,S1L,0.148034,ng/mg
41,5HT,MR,0.264964,ng/mg
58,5HT,dH,0.222605,ng/mg
57,5HT,DM,0.220639,ng/mg
57,5HT,DL,0.178206,ng/mg
58,5HT,VL,0.241475,ng/mg
41,5HT,VM,0.406442,ng/mg
57,5HT,AC,0.143273,ng/mg
45,5HT,OF,0.182527,ng/mg
50,5HT,aCC,0.089801,ng/mg
52,5HT,MR,0.182752,ng/mg
58,5HT,DL,0.200742,ng/mg
41,5HT,NAc,0.130209,ng/mg
57,5HT,MD,0.223047,ng/mg
58,5HT,MD,0.278992,ng/mg
50,5HT,VM,0.219969,ng/mg
50,5HT,PL,0.090255,ng/mg
58,5HT,VPR,0.181125,ng/mg
52,5HT,DR,0.266324,ng/mg
52,5HT,VTA,0.271667,ng/mg
50,5HT,IC,0.057929,ng/mg
58,5HT,DM,0.14916,ng/mg
58,5HT,OF,0.105896,ng/mg
50,5HT,vH,0.23367,ng/mg
58,5HT,vH,0.33788,ng/mg
50,5HT,SJ,0.058144,ng/mg
41,5HT,DL,0.19791,ng/mg
57,5HT,VM,0.060754,ng/mg
50,5HT,NAc,0.091299,ng/mg
58,5HT,NAc,0.135047,ng/mg
57,5HT,VL,0.270303,ng/mg
41,5HT,VL,0.321693,ng/mg
50,5HT,VM,0.091472,ng/mg
58,5HT,VM,0.318111,ng/mg
41,5HT,CB,0.043861,ng/mg
41,5HT,DM,0.258262,ng/mg
52,5HT,CB,0.042575,ng/mg
66,5HT,AC,0.126583,ng/mg
41,5HT,aCC,0.117987,ng/mg
52,5HT,VL,0.150906,ng/mg
35,5HT,NAc,0.096183,ng/mg
66,5HT,PL,0.149913,ng/mg
52,5HT,S1R,0.087244,ng/mg
21,5HT,S1L6R,0.1882,ng/mg
44,5HT,S1R,0.091826,ng/mg
66,5HT,OF,0.215046,ng/mg
35,5HT,VM,0.044268,ng/mg
50,5HT,MR,0.180271,ng/mg
61,5HT,CB,0.16082,ng/mg
52,5HT,S1L,0.099152,ng/mg
45,5HT,NAc,0.098112,ng/mg
44,5HT,S1L,0.083655,ng/mg
21,5HT,S1L,0.098494,ng/mg
35,5HT,DM,0.129068,ng/mg
61,5HT,MR,0.218836,ng/mg
52,5HT,S1L6R,0.039378,ng/mg
61,5HT,DR,0.810606,ng/mg
21,5HT,SJ,0.229444,ng/mg
61,5HT,SC,0.342885,ng/mg
35,5HT,MD,0.017212,ng/mg
52,5HT,S1L6L,0.077694,ng/mg
61,5HT,SN,0.691383,ng/mg
44,5HT,S1L6L,0.086768,ng/mg
57,5HT,OF,0.138926,ng/mg
35,5HT,DL,0.06565,ng/mg
61,5HT,VTA,0.448063,ng/mg
21,5HT,S1R,0.176795,ng/mg
50,5HT,DR,0.408972,ng/mg
57,5HT,PL,0.121433,ng/mg
35,5HT,VL,0.120515,ng/mg
44,5HT,S1L6R,0.123581,ng/mg
45,5HT,vH,0.371462,ng/mg
45,5HT,VM,0.303902,ng/mg
50,5HT,VM,0.033085,ng/mg
66,5HT,aCC,0.11509,ng/mg
35,5HT,VM,0.043855,ng/mg
52,5HT,IC,0.131775,ng/mg
66,5HT,S1L,0.1096,ng/mg
45,5HT,VL,0.480144,ng/mg
35,5HT,AC,0.076029,ng/mg
66,5HT,S1L6R,0.177096,ng/mg
44,5HT,aCC,0.081538,ng/mg
44,5HT,PL,0.121676,ng/mg
52,5HT,aCC,0.154669,ng/mg
51,5HT,PL,0.100757,ng/mg
66,5HT,S1L6L,0.116648,ng/mg
35,5HT,S1L6L,0.072952,ng/mg
45,5HT,DL,0.233624,ng/mg
44,5HT,OF,0.189611,ng/mg
21,5HT,VM,0.070054,ng/mg
44,5HT,AC,0.113426,ng/mg
66,5HT,S1R,0.147498,ng/mg
51,5HT,OF,0.137143,ng/mg
35,5HT,vH,0.165791,ng/mg
50,5HT,CB,0.034436,ng/mg
21,5HT,S1L6L,0.10037,ng/mg
66,5HT,IC,0.203181,ng/mg
52,5HT,SJ,0.133034,ng/mg
44,5HT,VM,0.164761,ng/mg
21,5HT,AC,0.109475,ng/mg
35,5HT,dH,0.116378,ng/mg
45,5HT,DM,0.319947,ng/mg
52,5HT,VM,0.09984,ng/mg
44,5HT,IC,0.176104,ng/mg
66,5HT,SJ,0.209293,ng/mg
35,5HT,A,0.145968,ng/mg
51,5HT,CB,0.048546,ng/mg
66,5HT,VM,0.289263,ng/mg
45,5HT,S1L,0.126763,ng/mg
45,5HT,dH,0.160625,ng/mg
61,5HT,HY,0.271123,ng/mg
44,5HT,VM,0.312073,ng/mg
61,5HT,NAc,0.21959,ng/mg
50,5HT,HY,0.086836,ng/mg
57,5HT,VM,0.107061,ng/mg
52,5HT,NAc,0.326329,ng/mg
61,5HT,vH,0.205561,ng/mg
35,5HT,DR,0.642711,ng/mg
21,5HT,OF,0.194135,ng/mg
44,5HT,DM,0.203963,ng/mg
61,5HT,dH,0.271145,ng/mg
45,5HT,S1L6L,0.102938,ng/mg
35,5HT,MR,0.311392,ng/mg
52,5HT,VM,0.168555,ng/mg
61,5HT,A,0.460873,ng/mg
44,5HT,VL,0.330192,ng/mg
50,5HT,DLG,0.042416,ng/mg
57,5HT,CB,0.063511,ng/mg
61,5HT,S1L6R,0.153442,ng/mg
50,5HT,VPL,0.05166,ng/mg
41,5HT,PL,0.176041,ng/mg
44,5HT,MD,0.230532,ng/mg
61,5HT,S1L6L,0.10875,ng/mg
57,5HT,MR,0.426251,ng/mg
35,5HT,VTA,0.08243,ng/mg
57,5HT,SJ,0.107612,ng/mg
61,5HT,AC,0.122818,ng/mg
52,5HT,DM,0.075864,ng/mg
44,5HT,DL,0.242517,ng/mg
45,5HT,S1L6R,0.113629,ng/mg
61,5HT,VM,0.089909,ng/mg
35,5HT,CB,0.01619,ng/mg
41,5HT,OF,0.178075,ng/mg
45,5HT,AC,0.149196,ng/mg
21,5HT,PL,0.261451,ng/mg
61,5HT,VM,0.268845,ng/mg
35,5HT,DLG,0.067189,ng/mg
61,5HT,VPR,0.128155,ng/mg
50,5HT,SN,0.2146,ng/mg
45,5HT,A,0.38299,ng/mg
44,5HT,A,0.287486,ng/mg
52,5HT,VM,0.023803,ng/mg
21,5HT,IC,0.252382,ng/mg
61,5HT,VPL,0.054375,ng/mg
21,5HT,VM,0.202303,ng/mg
61,5HT,DLG,0.098212,ng/mg
44,5HT,VM,0.04537,ng/mg
57,5HT,aCC,0.05372,ng/mg
35,5HT,VPR,0.046602,ng/mg
52,5HT,AC,0.100377,ng/mg
35,5HT,VPL,0.050026,ng/mg
50,5HT,VTA,0.157507,ng/mg
61,5HT,MD,0.39266,ng/mg
52,5HT,A,0.234819,ng/mg
52,5HT,vH,0.391002,ng/mg
35,5HT,SN,0.423929,ng/mg
44,5HT,NAc,0.192794,ng/mg
61,5HT,DM,0.192082,ng/mg
50,5HT,SC,0.130242,ng/mg
35,5HT,SC,0.186758,ng/mg
44,5HT,dH,0.163888,ng/mg
61,5HT,VL,0.247822,ng/mg
44,5HT,vH,0.322192,ng/mg
52,5HT,dH,0.094156,ng/mg
45,5HT,VM,0.088825,ng/mg
57,5HT,IC,0.1148,ng/mg
61,5HT,DL,0.140682,ng/mg
35,5HT,HY,0.172551,ng/mg
21,5HT,aCC,0.107291,ng/mg
44,5HT,SJ,0.133436,ng/mg
55,5HT,CB,0.145242,ng/mg
38,5HT,MR,0.195953,ng/mg
29,5HT,DLG,0.147415,ng/mg
29,5HT,HY,0.146243,ng/mg
29,5HT,SC,0.276326,ng/mg
29,5HT,SN,0.641281,ng/mg
29,5HT,VTA,0.269664,ng/mg
29,5HT,DR,1.087905,ng/mg
29,5HT,MR,0.433628,ng/mg
29,5HT,CB,0.068164,ng/mg
34,5HT,OF,0.072726,ng/mg
34,5HT,PL,0.097539,ng/mg
34,5HT,aCC,0.054384,ng/mg
34,5HT,IC,0.086244,ng/mg
34,5HT,VM,0.08412,ng/mg
34,5HT,SJ,0.080956,ng/mg
34,5HT,S1R,0.077047,ng/mg
34,5HT,S1L,0.112314,ng/mg
34,5HT,S1L6R,0.071196,ng/mg
34,5HT,S1L6L,0.086201,ng/mg
34,5HT,AC,0.055081,ng/mg
29,5HT,VPL,0.167261,ng/mg
34,5HT,VM,0.031882,ng/mg
29,5HT,VPR,0.19179,ng/mg
29,5HT,DL,0.182573,ng/mg
29,5HT,OF,0.127482,ng/mg
29,5HT,PL,0.168763,ng/mg
29,5HT,aCC,0.083649,ng/mg
29,5HT,IC,0.228492,ng/mg
29,5HT,VM,0.196378,ng/mg
29,5HT,SJ,0.163825,ng/mg
29,5HT,S1R,0.121593,ng/mg
29,5HT,S1L,0.089763,ng/mg
29,5HT,S1L6R,0.095674,ng/mg
29,5HT,S1L6L,0.166592,ng/mg
29,5HT,AC,0.10949,ng/mg
29,5HT,VM,0.079849,ng/mg
29,5HT,A,0.281979,ng/mg
29,5HT,dH,0.163897,ng/mg
29,5HT,vH,0.285085,ng/mg
29,5HT,NAc,0.169881,ng/mg
29,5HT,VM,0.236602,ng/mg
29,5HT,DM,0.179959,ng/mg
29,5HT,VL,0.263484,ng/mg
29,5HT,MD,0.359326,ng/mg
34,5HT,A,0.146385,ng/mg
34,5HT,dH,0.193241,ng/mg
34,5HT,vH,0.254537,ng/mg
42,5HT,S1L6R,0.043214,ng/mg
42,5HT,S1L6L,0.082246,ng/mg
42,5HT,AC,0.058904,ng/mg
42,5HT,VM,0.022607,ng/mg
42,5HT,A,0.3034,ng/mg
42,5HT,dH,0.177676,ng/mg
42,5HT,vH,0.228284,ng/mg
42,5HT,NAc,0.190039,ng/mg
42,5HT,VM,0.33794,ng/mg
42,5HT,DM,0.042292,ng/mg
42,5HT,VL,0.196406,ng/mg
42,5HT,DL,0.134641,ng/mg
42,5HT,MD,0.253959,ng/mg
42,5HT,VPR,0.073675,ng/mg
42,5HT,VPL,0.025093,ng/mg
42,5HT,DLG,0.100189,ng/mg
42,5HT,HY,0.097836,ng/mg
42,5HT,SC,0.148857,ng/mg
42,5HT,SN,0.279478,ng/mg
42,5HT,S1L,0.051456,ng/mg
42,5HT,S1R,0.035978,ng/mg
42,5HT,SJ,0.104391,ng/mg
42,5HT,VM,0.078408,ng/mg
34,5HT,NAc,0.123631,ng/mg
34,5HT,VM,0.24974,ng/mg
34,5HT,DM,0.164654,ng/mg
34,5HT,VL,0.182727,ng/mg
34,5HT,DL,0.145852,ng/mg
34,5HT,MD,0.126232,ng/mg
34,5HT,VPR,0.071354,ng/mg
34,5HT,VPL,0.07356,ng/mg
34,5HT,DLG,0.110992,ng/mg
26,5HT,CB,0.068202,ng/mg
34,5HT,HY,0.123855,ng/mg
34,5HT,SN,0.548899,ng/mg
34,5HT,VTA,0.437065,ng/mg
34,5HT,DR,0.530771,ng/mg
34,5HT,MR,0.394655,ng/mg
34,5HT,CB,0.041248,ng/mg
42,5HT,OF,0.060399,ng/mg
42,5HT,PL,0.115382,ng/mg
42,5HT,aCC,0.143126,ng/mg
42,5HT,IC,0.097695,ng/mg
34,5HT,SC,0.123351,ng/mg
42,5HT,VTA,0.391945,ng/mg
26,5HT,MR,0.382841,ng/mg
26,5HT,VTA,0.24764,ng/mg
14,5HT,DLG,0.255398,ng/mg
14,5HT,HY,0.215184,ng/mg
14,5HT,SC,0.181948,ng/mg
14,5HT,SN,0.62913,ng/mg
14,5HT,VTA,0.330639,ng/mg
14,5HT,DR,0.713844,ng/mg
14,5HT,MR,0.417558,ng/mg
14,5HT,CB,0.03848,ng/mg
15,5HT,OF,0.055009,ng/mg
15,5HT,PL,0.027802,ng/mg
15,5HT,aCC,0.044039,ng/mg
15,5HT,IC,0.060779,ng/mg
15,5HT,VM,0.191151,ng/mg
15,5HT,SJ,0.014198,ng/mg
15,5HT,S1R,0.095869,ng/mg
15,5HT,S1L,0.063,ng/mg
15,5HT,S1L6R,0.021282,ng/mg
15,5HT,S1L6L,0.044834,ng/mg
15,5HT,AC,0.041375,ng/mg
14,5HT,VPL,0.06753,ng/mg
15,5HT,VM,0.027143,ng/mg
14,5HT,VPR,0.259979,ng/mg
14,5HT,DL,0.125707,ng/mg
14,5HT,OF,0.105634,ng/mg
14,5HT,PL,0.123407,ng/mg
14,5HT,aCC,0.05094,ng/mg
14,5HT,IC,0.084273,ng/mg
14,5HT,VM,0.133838,ng/mg
14,5HT,SJ,0.045973,ng/mg
14,5HT,S1R,0.068238,ng/mg
14,5HT,S1L,0.082237,ng/mg
14,5HT,S1L6R,0.086389,ng/mg
14,5HT,S1L6L,0.12967,ng/mg
14,5HT,AC,0.133875,ng/mg
14,5HT,VM,0.046178,ng/mg
14,5HT,A,0.239473,ng/mg
14,5HT,dH,0.14512,ng/mg
14,5HT,vH,0.217876,ng/mg
14,5HT,NAc,0.097063,ng/mg
14,5HT,VM,0.287843,ng/mg
14,5HT,DM,0.136504,ng/mg
14,5HT,VL,0.173479,ng/mg
14,5HT,MD,0.281577,ng/mg
15,5HT,A,0.050028,ng/mg
15,5HT,dH,0.096561,ng/mg
15,5HT,vH,0.266154,ng/mg
26,5HT,S1L6R,0.140652,ng/mg
26,5HT,S1L6L,0.093382,ng/mg
26,5HT,AC,0.121532,ng/mg
26,5HT,VM,0.066316,ng/mg
26,5HT,A,0.296416,ng/mg
26,5HT,dH,0.111583,ng/mg
26,5HT,vH,0.256522,ng/mg
26,5HT,NAc,0.171504,ng/mg
26,5HT,VM,0.56953,ng/mg
26,5HT,DM,0.208691,ng/mg
26,5HT,VL,0.327987,ng/mg
26,5HT,DL,0.195561,ng/mg
26,5HT,MD,0.205228,ng/mg
26,5HT,VPR,0.204082,ng/mg
26,5HT,VPL,0.102864,ng/mg
26,5HT,DLG,0.252762,ng/mg
26,5HT,HY,0.250242,ng/mg
26,5HT,SC,0.287237,ng/mg
26,5HT,SN,0.286721,ng/mg
26,5HT,S1L,0.095977,ng/mg
26,5HT,S1R,0.100398,ng/mg
26,5HT,SJ,0.162288,ng/mg
26,5HT,VM,0.300974,ng/mg
15,5HT,NAc,0.054025,ng/mg
15,5HT,VM,0.160024,ng/mg
15,5HT,DM,0.042154,ng/mg
15,5HT,VL,0.072058,ng/mg
15,5HT,DL,0.057604,ng/mg
15,5HT,MD,0.100045,ng/mg
15,5HT,VPR,0.03055,ng/mg
15,5HT,VPL,0.018965,ng/mg
15,5HT,DLG,0.04036,ng/mg
26,5HT,DR,0.908524,ng/mg
15,5HT,HY,0.068684,ng/mg
15,5HT,SN,0.381633,ng/mg
15,5HT,VTA,0.285184,ng/mg
15,5HT,DR,0.72889,ng/mg
15,5HT,MR,0.268131,ng/mg
15,5HT,CB,0.031709,ng/mg
26,5HT,OF,0.179955,ng/mg
26,5HT,PL,0.170426,ng/mg
26,5HT,aCC,0.093784,ng/mg
26,5HT,IC,0.138724,ng/mg
15,5HT,SC,0.05426,ng/mg
13,5HT,CB,0.03322,ng/mg
42,5HT,DR,0.248077,ng/mg
42,5HT,CB,0.0387,ng/mg
16,5HT,DLG,0.23848,ng/mg
16,5HT,HY,0.372111,ng/mg
16,5HT,SC,0.475571,ng/mg
16,5HT,SN,0.500797,ng/mg
16,5HT,VTA,0.451706,ng/mg
16,5HT,DR,0.525363,ng/mg
16,5HT,MR,0.112654,ng/mg
16,5HT,CB,0.117189,ng/mg
18,5HT,OF,0.178818,ng/mg
18,5HT,PL,0.15593,ng/mg
18,5HT,aCC,0.10508,ng/mg
18,5HT,IC,0.188109,ng/mg
18,5HT,VM,0.265614,ng/mg
18,5HT,SJ,0.154405,ng/mg
18,5HT,S1R,0.133718,ng/mg
18,5HT,S1L,0.132513,ng/mg
18,5HT,S1L6R,0.229774,ng/mg
18,5HT,S1L6L,0.105304,ng/mg
18,5HT,AC,0.179661,ng/mg
16,5HT,VPL,0.151652,ng/mg
18,5HT,VM,0.075708,ng/mg
16,5HT,VPR,0.239458,ng/mg
16,5HT,DL,0.342828,ng/mg
16,5HT,OF,0.299159,ng/mg
16,5HT,PL,0.265764,ng/mg
16,5HT,aCC,0.147667,ng/mg
16,5HT,IC,0.244305,ng/mg
16,5HT,VM,0.24756,ng/mg
16,5HT,SJ,0.199234,ng/mg
16,5HT,S1R,0.16191,ng/mg
16,5HT,S1L,0.081846,ng/mg
16,5HT,S1L6R,0.13928,ng/mg
16,5HT,S1L6L,0.122398,ng/mg
16,5HT,AC,0.121862,ng/mg
16,5HT,VM,0.168811,ng/mg
16,5HT,A,0.394034,ng/mg
16,5HT,dH,0.204811,ng/mg
16,5HT,vH,0.30687,ng/mg
16,5HT,NAc,0.147578,ng/mg
16,5HT,VM,0.541848,ng/mg
16,5HT,DM,0.414793,ng/mg
16,5HT,VL,0.326717,ng/mg
16,5HT,MD,0.152819,ng/mg
18,5HT,A,0.268156,ng/mg
18,5HT,dH,0.223526,ng/mg
18,5HT,vH,0.446472,ng/mg
19,5HT,S1L6R,0.155741,ng/mg
19,5HT,S1L6L,0.125034,ng/mg
19,5HT,AC,0.131762,ng/mg
19,5HT,VM,0.068363,ng/mg
19,5HT,A,0.200062,ng/mg
19,5HT,dH,0.109219,ng/mg
19,5HT,vH,0.441594,ng/mg
19,5HT,NAc,0.122416,ng/mg
19,5HT,VM,0.301118,ng/mg
19,5HT,DM,0.088816,ng/mg
19,5HT,VL,0.224506,ng/mg
19,5HT,DL,0.055303,ng/mg
19,5HT,MD,0.171501,ng/mg
19,5HT,VPR,0.088535,ng/mg
19,5HT,VPL,0.076087,ng/mg
19,5HT,DLG,0.20097,ng/mg
19,5HT,HY,0.113354,ng/mg
19,5HT,SC,0.356835,ng/mg
19,5HT,SN,0.579589,ng/mg
19,5HT,S1L,0.178594,ng/mg
19,5HT,S1R,0.137969,ng/mg
19,5HT,SJ,0.10844,ng/mg
19,5HT,VM,0.113879,ng/mg
18,5HT,NAc,0.175693,ng/mg
18,5HT,VM,0.234174,ng/mg
18,5HT,DM,0.259558,ng/mg
18,5HT,VL,0.352363,ng/mg
18,5HT,DL,0.233215,ng/mg
18,5HT,MD,0.552676,ng/mg
18,5HT,VPR,0.190005,ng/mg
18,5HT,VPL,0.163933,ng/mg
18,5HT,DLG,0.304327,ng/mg
65,5HT,CB,0.063846,ng/mg
18,5HT,HY,0.380435,ng/mg
18,5HT,SN,0.75249,ng/mg
18,5HT,VTA,0.410779,ng/mg
18,5HT,DR,0.819169,ng/mg
18,5HT,MR,0.817869,ng/mg
18,5HT,CB,0.041304,ng/mg
19,5HT,OF,0.080681,ng/mg
19,5HT,PL,0.081519,ng/mg
19,5HT,aCC,0.098545,ng/mg
19,5HT,IC,0.186255,ng/mg
18,5HT,SC,0.306408,ng/mg
42,5HT,MR,0.07696,ng/mg
65,5HT,MR,0.413584,ng/mg
65,5HT,VTA,0.490702,ng/mg
48,5HT,DLG,0.065047,ng/mg
48,5HT,HY,NA,ng/mg
48,5HT,SC,0.228534,ng/mg
48,5HT,SN,0.503717,ng/mg
48,5HT,VTA,0.2345,ng/mg
48,5HT,DR,0.981373,ng/mg
48,5HT,MR,0.392319,ng/mg
48,5HT,CB,0.077885,ng/mg
63,5HT,OF,0.089726,ng/mg
63,5HT,PL,0.118392,ng/mg
63,5HT,aCC,0.074294,ng/mg
63,5HT,IC,0.131435,ng/mg
63,5HT,VM,0.100314,ng/mg
63,5HT,SJ,0.176765,ng/mg
63,5HT,S1R,0.138654,ng/mg
63,5HT,S1L,0.116237,ng/mg
63,5HT,S1L6R,0.039825,ng/mg
63,5HT,S1L6L,0.085317,ng/mg
63,5HT,AC,0.09414,ng/mg
48,5HT,VPL,0.064783,ng/mg
63,5HT,VM,0.060361,ng/mg
48,5HT,VPR,0.090458,ng/mg
48,5HT,DL,0.145371,ng/mg
48,5HT,OF,0.058935,ng/mg
48,5HT,PL,0.05337,ng/mg
48,5HT,aCC,0.041307,ng/mg
48,5HT,IC,0.068632,ng/mg
48,5HT,VM,0.082277,ng/mg
48,5HT,SJ,0.095496,ng/mg
48,5HT,S1R,0.11899,ng/mg
48,5HT,S1L,0.070232,ng/mg
48,5HT,S1L6R,0.089859,ng/mg
48,5HT,S1L6L,0.091809,ng/mg
48,5HT,AC,0.114773,ng/mg
48,5HT,VM,0.043876,ng/mg
48,5HT,A,0.1388,ng/mg
48,5HT,dH,0.092744,ng/mg
48,5HT,vH,0.29013,ng/mg
48,5HT,NAc,0.176471,ng/mg
48,5HT,VM,0.393821,ng/mg
48,5HT,DM,0.076412,ng/mg
48,5HT,VL,0.075868,ng/mg
48,5HT,MD,0.096305,ng/mg
63,5HT,A,0.213529,ng/mg
63,5HT,dH,0.118189,ng/mg
63,5HT,vH,0.344543,ng/mg
65,5HT,S1L6R,0.120533,ng/mg
65,5HT,S1L6L,0.084275,ng/mg
65,5HT,AC,0.150006,ng/mg
65,5HT,VM,0.067201,ng/mg
65,5HT,A,0.245488,ng/mg
65,5HT,dH,0.145494,ng/mg
65,5HT,vH,0.308467,ng/mg
65,5HT,NAc,0.207405,ng/mg
65,5HT,VM,0.381413,ng/mg
65,5HT,DM,0.168456,ng/mg
65,5HT,VL,0.321841,ng/mg
65,5HT,DL,0.190294,ng/mg
65,5HT,MD,0.206474,ng/mg
65,5HT,VPR,0.188253,ng/mg
65,5HT,VPL,0.071159,ng/mg
65,5HT,DLG,0.084545,ng/mg
65,5HT,HY,0.13341,ng/mg
65,5HT,SC,0.31857,ng/mg
65,5HT,SN,0.609379,ng/mg
65,5HT,S1L,0.093787,ng/mg
65,5HT,S1R,0.119727,ng/mg
65,5HT,SJ,0.135996,ng/mg
65,5HT,VM,0.111181,ng/mg
63,5HT,NAc,0.155261,ng/mg
63,5HT,VM,0.271657,ng/mg
63,5HT,DM,0.074191,ng/mg
63,5HT,VL,0.27855,ng/mg
63,5HT,DL,0.218866,ng/mg
63,5HT,MD,0.296242,ng/mg
63,5HT,VPR,0.150596,ng/mg
63,5HT,VPL,0.038413,ng/mg
63,5HT,DLG,0.120622,ng/mg
65,5HT,DR,1.087031,ng/mg
63,5HT,HY,0.082539,ng/mg
63,5HT,SN,0.430751,ng/mg
63,5HT,VTA,0.413375,ng/mg
63,5HT,DR,0.920513,ng/mg
63,5HT,MR,0.46783,ng/mg
63,5HT,CB,0.027786,ng/mg
65,5HT,OF,0.086895,ng/mg
65,5HT,PL,0.084314,ng/mg
65,5HT,aCC,0.067169,ng/mg
65,5HT,IC,0.211124,ng/mg
63,5HT,SC,0.268746,ng/mg
19,5HT,VTA,0.401483,ng/mg
13,5HT,MR,0.392353,ng/mg
13,5HT,VTA,0.621793,ng/mg
9,5HT,DLG,0.164667,ng/mg
9,5HT,HY,0.222461,ng/mg
9,5HT,SC,0.243065,ng/mg
9,5HT,SN,0.295621,ng/mg
9,5HT,VTA,0.199987,ng/mg
9,5HT,DR,1.169687,ng/mg
9,5HT,MR,0.30359,ng/mg
9,5HT,CB,0.050614,ng/mg
11,5HT,OF,0.172788,ng/mg
11,5HT,PL,0.09054,ng/mg
11,5HT,aCC,0.061367,ng/mg
11,5HT,IC,0.13,ng/mg
11,5HT,VM,0.286179,ng/mg
11,5HT,SJ,0.227029,ng/mg
11,5HT,S1R,0.064333,ng/mg
11,5HT,S1L,0.061649,ng/mg
11,5HT,S1L6R,0.087268,ng/mg
11,5HT,S1L6L,0.108619,ng/mg
11,5HT,AC,0.092378,ng/mg
9,5HT,VPL,0.058893,ng/mg
11,5HT,VM,0.048837,ng/mg
9,5HT,VPR,0.084211,ng/mg
9,5HT,DL,0.330772,ng/mg
9,5HT,OF,0.233298,ng/mg
9,5HT,PL,0.10804,ng/mg
9,5HT,aCC,0.059427,ng/mg
9,5HT,IC,0.2005,ng/mg
9,5HT,VM,0.241585,ng/mg
9,5HT,SJ,0.092641,ng/mg
9,5HT,S1R,0.114112,ng/mg
9,5HT,S1L,0.067376,ng/mg
9,5HT,S1L6R,0.087757,ng/mg
9,5HT,S1L6L,0.098043,ng/mg
9,5HT,AC,0.087807,ng/mg
9,5HT,VM,0.068885,ng/mg
9,5HT,A,0.407968,ng/mg
9,5HT,dH,0.124551,ng/mg
9,5HT,vH,0.302748,ng/mg
9,5HT,NAc,0.139421,ng/mg
9,5HT,VM,0.31512,ng/mg
9,5HT,DM,0.276704,ng/mg
9,5HT,VL,0.319367,ng/mg
9,5HT,MD,0.176281,ng/mg
11,5HT,A,0.234612,ng/mg
11,5HT,dH,0.181833,ng/mg
11,5HT,vH,0.164745,ng/mg
17,5HT,S1L6R,0.028796,ng/mg
17,5HT,S1L6L,0.051048,ng/mg
17,5HT,AC,0.066072,ng/mg
17,5HT,VM,0.018241,ng/mg
17,5HT,A,0.124527,ng/mg
17,5HT,dH,0.073915,ng/mg
17,5HT,vH,0.216196,ng/mg
17,5HT,NAc,0.052793,ng/mg
17,5HT,VM,0.078638,ng/mg
17,5HT,DM,0.07119,ng/mg
17,5HT,VL,0.129795,ng/mg
17,5HT,DL,0.090041,ng/mg
17,5HT,MD,0.069435,ng/mg
17,5HT,VPR,0.043946,ng/mg
17,5HT,VPL,0.027267,ng/mg
17,5HT,DLG,0.038002,ng/mg
17,5HT,HY,0.078346,ng/mg
17,5HT,SC,0.10097,ng/mg
17,5HT,SN,0.468109,ng/mg
17,5HT,S1L,0.029521,ng/mg
17,5HT,S1R,0.048608,ng/mg
17,5HT,SJ,0.042821,ng/mg
17,5HT,VM,0.10783,ng/mg
11,5HT,NAc,0.179331,ng/mg
11,5HT,VM,0.29782,ng/mg
11,5HT,DM,0.220112,ng/mg
11,5HT,VL,0.394809,ng/mg
11,5HT,DL,0.199516,ng/mg
11,5HT,MD,0.154296,ng/mg
11,5HT,VPR,0.13447,ng/mg
11,5HT,VPL,0.034528,ng/mg
11,5HT,DLG,0.229669,ng/mg
7,5HT,CB,0.057737,ng/mg
11,5HT,HY,NA,ng/mg
11,5HT,SN,0.493325,ng/mg
11,5HT,VTA,0.295378,ng/mg
11,5HT,DR,0.502336,ng/mg
11,5HT,MR,0.23791,ng/mg
11,5HT,CB,0.031118,ng/mg
17,5HT,OF,0.074526,ng/mg
17,5HT,PL,0.043022,ng/mg
17,5HT,aCC,0.01324,ng/mg
17,5HT,IC,0.0507,ng/mg
11,5HT,SC,0.236235,ng/mg
17,5HT,VTA,0.091594,ng/mg
7,5HT,MR,0.234739,ng/mg
7,5HT,VTA,0.327458,ng/mg
2,5HT,DLG,0.01855,ng/mg
2,5HT,HY,0.03191,ng/mg
2,5HT,SC,0.027913,ng/mg
2,5HT,SN,0.20413,ng/mg
2,5HT,VTA,0.025941,ng/mg
2,5HT,DR,0.165602,ng/mg
2,5HT,MR,0.022033,ng/mg
2,5HT,CB,0.022511,ng/mg
5,5HT,OF,0.029319,ng/mg
5,5HT,PL,0.051632,ng/mg
5,5HT,aCC,0.04101,ng/mg
5,5HT,IC,0.042695,ng/mg
5,5HT,VM,0.059038,ng/mg
5,5HT,SJ,0.058959,ng/mg
5,5HT,S1R,0.031178,ng/mg
5,5HT,S1L,0.046067,ng/mg
5,5HT,S1L6R,0.018634,ng/mg
5,5HT,S1L6L,0.081843,ng/mg
5,5HT,AC,0.021663,ng/mg
2,5HT,VPL,0.026805,ng/mg
5,5HT,VM,0.019353,ng/mg
2,5HT,VPR,0.027565,ng/mg
2,5HT,DL,0.041194,ng/mg
2,5HT,OF,0.042579,ng/mg
2,5HT,PL,0.021879,ng/mg
2,5HT,aCC,0.020309,ng/mg
2,5HT,IC,0.020273,ng/mg
2,5HT,VM,0.049122,ng/mg
2,5HT,SJ,0.016887,ng/mg
2,5HT,S1R,0.0418,ng/mg
2,5HT,S1L,0.019219,ng/mg
2,5HT,S1L6R,0.017732,ng/mg
2,5HT,S1L6L,0.034997,ng/mg
2,5HT,AC,0.012015,ng/mg
2,5HT,VM,0.008313,ng/mg
2,5HT,A,0.104745,ng/mg
2,5HT,dH,0.043802,ng/mg
2,5HT,vH,0.164565,ng/mg
2,5HT,NAc,0.059788,ng/mg
2,5HT,VM,0.026043,ng/mg
2,5HT,DM,0.060834,ng/mg
2,5HT,VL,0.039499,ng/mg
2,5HT,MD,0.057801,ng/mg
5,5HT,A,0.169492,ng/mg
5,5HT,dH,0.105262,ng/mg
5,5HT,vH,0.267978,ng/mg
7,5HT,S1L6R,0.107483,ng/mg
7,5HT,S1L6L,0.079303,ng/mg
7,5HT,AC,0.056138,ng/mg
7,5HT,VM,0.022083,ng/mg
7,5HT,A,0.236783,ng/mg
7,5HT,dH,0.109219,ng/mg
7,5HT,vH,0.206137,ng/mg
7,5HT,NAc,0.18487,ng/mg
7,5HT,VM,0.360281,ng/mg
7,5HT,DM,0.276467,ng/mg
7,5HT,VL,0.411411,ng/mg
7,5HT,DL,0.256275,ng/mg
7,5HT,MD,0.191421,ng/mg
7,5HT,VPR,0.174202,ng/mg
7,5HT,VPL,0.101855,ng/mg
7,5HT,DLG,0.233301,ng/mg
7,5HT,HY,0.112305,ng/mg
7,5HT,SC,0.275032,ng/mg
7,5HT,SN,0.641204,ng/mg
7,5HT,S1L,0.072144,ng/mg
7,5HT,S1R,0.12361,ng/mg
7,5HT,SJ,0.165259,ng/mg
7,5HT,VM,0.166975,ng/mg
5,5HT,NAc,0.04792,ng/mg
5,5HT,VM,0.097578,ng/mg
5,5HT,DM,0.051392,ng/mg
5,5HT,VL,0.129979,ng/mg
5,5HT,DL,0.034396,ng/mg
5,5HT,MD,0.075271,ng/mg
5,5HT,VPR,0.027046,ng/mg
5,5HT,VPL,0.014754,ng/mg
5,5HT,DLG,0.029533,ng/mg
7,5HT,DR,0.934737,ng/mg
5,5HT,HY,0.013615,ng/mg
5,5HT,SN,0.297271,ng/mg
5,5HT,VTA,0.073913,ng/mg
5,5HT,DR,0.384225,ng/mg
5,5HT,MR,0.074844,ng/mg
5,5HT,CB,0.031541,ng/mg
7,5HT,OF,0.114191,ng/mg
7,5HT,PL,0.175748,ng/mg
7,5HT,aCC,0.057318,ng/mg
7,5HT,IC,0.189543,ng/mg
5,5HT,SC,0.165649,ng/mg
13,5HT,DR,0.923407,ng/mg
17,5HT,DR,0.37368,ng/mg
17,5HT,CB,0.017015,ng/mg
59,5HT,DLG,0.199608,ng/mg
59,5HT,HY,0.192325,ng/mg
59,5HT,SC,NA,ng/mg
59,5HT,SN,0.449748,ng/mg
59,5HT,VTA,0.220424,ng/mg
59,5HT,DR,0.362326,ng/mg
59,5HT,MR,0.432278,ng/mg
59,5HT,CB,0.069767,ng/mg
67,5HT,OF,0.1405,ng/mg
67,5HT,PL,0.106272,ng/mg
67,5HT,aCC,0.085717,ng/mg
67,5HT,IC,0.140867,ng/mg
67,5HT,VM,0.197813,ng/mg
67,5HT,SJ,0.146211,ng/mg
67,5HT,S1R,0.1514,ng/mg
67,5HT,S1L,0.109277,ng/mg
67,5HT,S1L6R,0.112474,ng/mg
67,5HT,S1L6L,0.162789,ng/mg
67,5HT,AC,0.094277,ng/mg
59,5HT,VPL,0.191322,ng/mg
67,5HT,VM,0.077797,ng/mg
59,5HT,VPR,0.184392,ng/mg
59,5HT,DL,0.205818,ng/mg
59,5HT,OF,0.230388,ng/mg
59,5HT,PL,0.156207,ng/mg
59,5HT,aCC,0.062193,ng/mg
59,5HT,IC,0.153108,ng/mg
59,5HT,VM,0.176118,ng/mg
59,5HT,SJ,0.136508,ng/mg
59,5HT,S1R,0.195435,ng/mg
59,5HT,S1L,0.094518,ng/mg
59,5HT,S1L6R,0.114679,ng/mg
59,5HT,S1L6L,0.110343,ng/mg
59,5HT,AC,0.069282,ng/mg
59,5HT,VM,0.117946,ng/mg
59,5HT,A,0.222031,ng/mg
59,5HT,dH,0.204125,ng/mg
59,5HT,vH,0.300007,ng/mg
59,5HT,NAc,0.232896,ng/mg
59,5HT,VM,0.381087,ng/mg
59,5HT,DM,0.206541,ng/mg
59,5HT,VL,0.328954,ng/mg
59,5HT,MD,0.2144,ng/mg
67,5HT,A,0.191304,ng/mg
67,5HT,dH,0.136135,ng/mg
67,5HT,vH,0.204689,ng/mg
13,5HT,S1L6R,0.179505,ng/mg
13,5HT,S1L6L,0.130904,ng/mg
13,5HT,AC,0.088213,ng/mg
13,5HT,VM,0.07993,ng/mg
13,5HT,A,0.356144,ng/mg
13,5HT,dH,0.157689,ng/mg
13,5HT,vH,0.222826,ng/mg
13,5HT,NAc,0.167682,ng/mg
13,5HT,VM,0.256564,ng/mg
13,5HT,DM,0.224814,ng/mg
13,5HT,VL,0.3028,ng/mg
13,5HT,DL,0.258776,ng/mg
13,5HT,MD,0.30539,ng/mg
13,5HT,VPR,0.174987,ng/mg
13,5HT,VPL,0.074079,ng/mg
13,5HT,DLG,0.088147,ng/mg
13,5HT,HY,0.262208,ng/mg
13,5HT,SC,0.320931,ng/mg
13,5HT,SN,0.542092,ng/mg
13,5HT,S1L,0.101283,ng/mg
13,5HT,S1R,0.118176,ng/mg
13,5HT,SJ,0.105182,ng/mg
13,5HT,VM,0.173868,ng/mg
67,5HT,NAc,0.155601,ng/mg
67,5HT,VM,0.368401,ng/mg
67,5HT,DM,0.158205,ng/mg
67,5HT,VL,0.319317,ng/mg
67,5HT,DL,0.180437,ng/mg
67,5HT,MD,0.239058,ng/mg
67,5HT,VPR,0.161633,ng/mg
67,5HT,VPL,0.165839,ng/mg
67,5HT,DLG,0.110424,ng/mg
32,5HT,CB,0.127678,ng/mg
67,5HT,HY,0.14815,ng/mg
67,5HT,SN,0.442265,ng/mg
67,5HT,VTA,0.499743,ng/mg
67,5HT,DR,1.340623,ng/mg
67,5HT,MR,0.639348,ng/mg
67,5HT,CB,0.06802,ng/mg
13,5HT,OF,0.16695,ng/mg
13,5HT,PL,0.186523,ng/mg
13,5HT,aCC,0.085985,ng/mg
13,5HT,IC,0.09781,ng/mg
67,5HT,SC,0.315446,ng/mg
17,5HT,MR,0.176338,ng/mg
32,5HT,MR,0.340264,ng/mg
32,5HT,VTA,0.373913,ng/mg
20,5HT,DLG,0.129874,ng/mg
20,5HT,HY,0.147767,ng/mg
20,5HT,SC,0.132596,ng/mg
20,5HT,SN,0.526488,ng/mg
20,5HT,VTA,0.174638,ng/mg
20,5HT,DR,0.667917,ng/mg
20,5HT,MR,0.312756,ng/mg
20,5HT,CB,0.13543,ng/mg
28,5HT,OF,0.149275,ng/mg
28,5HT,PL,0.100011,ng/mg
28,5HT,aCC,0.049381,ng/mg
28,5HT,IC,0.209043,ng/mg
28,5HT,VM,NA,ng/mg
28,5HT,SJ,0.062702,ng/mg
28,5HT,S1R,0.058124,ng/mg
28,5HT,S1L,0.082457,ng/mg
28,5HT,S1L6R,0.082126,ng/mg
28,5HT,S1L6L,0.07737,ng/mg
28,5HT,AC,0.093061,ng/mg
20,5HT,VPL,0.032674,ng/mg
28,5HT,VM,0.079289,ng/mg
20,5HT,VPR,0.159695,ng/mg
20,5HT,DL,0.148046,ng/mg
20,5HT,OF,0.115015,ng/mg
20,5HT,PL,0.081371,ng/mg
20,5HT,aCC,0.053688,ng/mg
20,5HT,IC,0.076335,ng/mg
20,5HT,VM,0.174425,ng/mg
20,5HT,SJ,0.077815,ng/mg
20,5HT,S1R,0.089571,ng/mg
20,5HT,S1L,0.062097,ng/mg
20,5HT,S1L6R,0.04914,ng/mg
20,5HT,S1L6L,0.089461,ng/mg
20,5HT,AC,0.072954,ng/mg
20,5HT,VM,0.057165,ng/mg
20,5HT,A,0.355354,ng/mg
20,5HT,dH,0.195119,ng/mg
20,5HT,vH,0.171327,ng/mg
20,5HT,NAc,0.131359,ng/mg
20,5HT,VM,0.278832,ng/mg
20,5HT,DM,0.111084,ng/mg
20,5HT,VL,0.180198,ng/mg
20,5HT,MD,0.130438,ng/mg
28,5HT,A,0.354365,ng/mg
28,5HT,dH,0.123509,ng/mg
28,5HT,vH,0.263134,ng/mg
32,5HT,S1L6R,0.126964,ng/mg
32,5HT,S1L6L,0.091773,ng/mg
32,5HT,AC,0.10625,ng/mg
32,5HT,VM,0.087911,ng/mg
32,5HT,A,0.25695,ng/mg
32,5HT,dH,0.194125,ng/mg
32,5HT,vH,0.334149,ng/mg
32,5HT,NAc,0.110345,ng/mg
32,5HT,VM,0.458211,ng/mg
32,5HT,DM,0.177685,ng/mg
32,5HT,VL,0.327714,ng/mg
32,5HT,DL,0.12111,ng/mg
32,5HT,MD,0.130626,ng/mg
32,5HT,VPR,0.117666,ng/mg
32,5HT,VPL,0.037255,ng/mg
32,5HT,DLG,0.208727,ng/mg
32,5HT,HY,0.380111,ng/mg
32,5HT,SC,0.214463,ng/mg
32,5HT,SN,0.305169,ng/mg
32,5HT,S1L,0.077082,ng/mg
32,5HT,S1R,0.089956,ng/mg
32,5HT,SJ,0.252849,ng/mg
32,5HT,VM,0.194419,ng/mg
28,5HT,NAc,0.127147,ng/mg
28,5HT,VM,0.265062,ng/mg
28,5HT,DM,0.313006,ng/mg
28,5HT,VL,0.26267,ng/mg
28,5HT,DL,0.208267,ng/mg
28,5HT,MD,0.209425,ng/mg
28,5HT,VPR,0.108912,ng/mg
28,5HT,VPL,0.062717,ng/mg
28,5HT,DLG,0.109583,ng/mg
32,5HT,DR,0.664473,ng/mg
28,5HT,HY,0.355409,ng/mg
28,5HT,SN,0.690632,ng/mg
28,5HT,VTA,0.225652,ng/mg
28,5HT,DR,0.854883,ng/mg
28,5HT,MR,0.363818,ng/mg
28,5HT,CB,0.039733,ng/mg
32,5HT,OF,0.20994,ng/mg
32,5HT,PL,0.132522,ng/mg
32,5HT,aCC,0.072867,ng/mg
32,5HT,IC,0.14282,ng/mg
28,5HT,SC,0.115295,ng/mg
19,5HT,DR,0.92653,ng/mg
19,5HT,MR,0.310889,ng/mg
19,5HT,CB,0.062604,ng/mg
62,5HT,SC,0.618014,ng/mg
62,5HT,SN,0.793551,ng/mg
62,5HT,VTA,0.496944,ng/mg
62,5HT,DR,0.923733,ng/mg
62,5HT,MR,0.774662,ng/mg
62,5HT,CB,0.089293,ng/mg
64,5HT,OF,0.143714,ng/mg
64,5HT,PL,0.123424,ng/mg
64,5HT,aCC,0.113643,ng/mg
64,5HT,IC,0.20659,ng/mg
64,5HT,VM,0.279295,ng/mg
64,5HT,SJ,0.251684,ng/mg
64,5HT,S1R,0.140123,ng/mg
64,5HT,S1L,0.123586,ng/mg
64,5HT,S1L6R,0.172609,ng/mg
64,5HT,S1L6L,0.138874,ng/mg
64,5HT,AC,0.200615,ng/mg
64,5HT,VM,0.074933,ng/mg
64,5HT,A,0.2514,ng/mg
62,5HT,HY,0.491923,ng/mg
64,5HT,dH,0.221911,ng/mg
62,5HT,DLG,0.32174,ng/mg
62,5HT,VPR,0.206015,ng/mg
62,5HT,aCC,0.11622,ng/mg
62,5HT,IC,0.272,ng/mg
62,5HT,VM,0.20282,ng/mg
62,5HT,SJ,0.214999,ng/mg
62,5HT,S1R,0.204327,ng/mg
62,5HT,S1L,0.161012,ng/mg
62,5HT,S1L6R,0.216159,ng/mg
62,5HT,S1L6L,0.16903,ng/mg
62,5HT,AC,0.083702,ng/mg
62,5HT,VM,0.107374,ng/mg
62,5HT,A,0.442084,ng/mg
62,5HT,dH,0.241195,ng/mg
62,5HT,vH,0.490916,ng/mg
62,5HT,NAc,0.161551,ng/mg
62,5HT,VM,0.641769,ng/mg
62,5HT,DM,0.160473,ng/mg
62,5HT,VL,0.214972,ng/mg
62,5HT,DL,0.213701,ng/mg
62,5HT,MD,0.394477,ng/mg
62,5HT,VPL,0.25487,ng/mg
64,5HT,vH,0.689348,ng/mg
64,5HT,NAc,0.26298,ng/mg
64,5HT,VM,0.699817,ng/mg
68,5HT,AC,0.188133,ng/mg
68,5HT,VM,0.097759,ng/mg
68,5HT,A,0.461167,ng/mg
68,5HT,dH,0.377335,ng/mg
68,5HT,vH,0.544139,ng/mg
68,5HT,NAc,0.173304,ng/mg
68,5HT,VM,0.480527,ng/mg
68,5HT,DM,0.121683,ng/mg
68,5HT,VL,0.440799,ng/mg
68,5HT,DL,0.243377,ng/mg
68,5HT,MD,0.396128,ng/mg
68,5HT,VPR,0.217728,ng/mg
68,5HT,VPL,0.243587,ng/mg
68,5HT,DLG,0.272955,ng/mg
68,5HT,HY,0.812562,ng/mg
68,5HT,SC,0.550978,ng/mg
68,5HT,SN,0.671348,ng/mg
68,5HT,VTA,0.778207,ng/mg
68,5HT,DR,1.306701,ng/mg
68,5HT,S1L6L,0.175718,ng/mg
68,5HT,S1L6R,0.18323,ng/mg
68,5HT,S1L,0.177168,ng/mg
68,5HT,S1R,0.242689,ng/mg
64,5HT,DM,0.232917,ng/mg
64,5HT,VL,0.292231,ng/mg
64,5HT,DL,0.238914,ng/mg
64,5HT,MD,0.412429,ng/mg
64,5HT,VPR,0.168392,ng/mg
64,5HT,VPL,0.109797,ng/mg
64,5HT,DLG,0.275985,ng/mg
64,5HT,HY,0.615322,ng/mg
64,5HT,SC,0.485878,ng/mg
62,5HT,PL,0.155881,ng/mg
64,5HT,SN,0.580751,ng/mg
64,5HT,DR,1.521282,ng/mg
64,5HT,MR,0.414606,ng/mg
64,5HT,CB,0.103359,ng/mg
68,5HT,OF,0.192646,ng/mg
68,5HT,PL,0.109361,ng/mg
68,5HT,aCC,0.098369,ng/mg
68,5HT,IC,0.2122,ng/mg
68,5HT,VM,0.263878,ng/mg
68,5HT,SJ,0.258359,ng/mg
64,5HT,VTA,0.431512,ng/mg
68,5HT,MR,0.449758,ng/mg
62,5HT,OF,0.184393,ng/mg
60,5HT,MR,0.448647,ng/mg
54,5HT,SC,0.545773,ng/mg
54,5HT,SN,0.90251,ng/mg
54,5HT,VTA,0.516239,ng/mg
54,5HT,DR,1.380923,ng/mg
54,5HT,MR,0.531278,ng/mg
54,5HT,CB,0.110621,ng/mg
56,5HT,OF,0.309077,ng/mg
56,5HT,PL,0.198358,ng/mg
56,5HT,aCC,0.088644,ng/mg
56,5HT,IC,0.244417,ng/mg
56,5HT,VM,0.280673,ng/mg
56,5HT,SJ,0.289503,ng/mg
56,5HT,S1R,0.129124,ng/mg
56,5HT,S1L,0.090725,ng/mg
56,5HT,S1L6R,0.125435,ng/mg
56,5HT,S1L6L,0.167294,ng/mg
56,5HT,AC,0.118705,ng/mg
56,5HT,VM,0.131451,ng/mg
56,5HT,A,0.519138,ng/mg
54,5HT,HY,0.444328,ng/mg
56,5HT,dH,0.250956,ng/mg
54,5HT,DLG,0.251919,ng/mg
54,5HT,VPR,0.2429,ng/mg
54,5HT,aCC,0.129433,ng/mg
54,5HT,IC,0.272033,ng/mg
54,5HT,VM,0.387859,ng/mg
54,5HT,SJ,0.246576,ng/mg
54,5HT,S1R,0.136807,ng/mg
54,5HT,S1L,0.187455,ng/mg
54,5HT,S1L6R,0.214261,ng/mg
54,5HT,S1L6L,0.152563,ng/mg
54,5HT,AC,0.148177,ng/mg
54,5HT,VM,0.108533,ng/mg
54,5HT,A,0.586018,ng/mg
54,5HT,dH,0.304321,ng/mg
54,5HT,vH,0.556938,ng/mg
54,5HT,NAc,0.257076,ng/mg
54,5HT,VM,0.585966,ng/mg
54,5HT,DM,0.311722,ng/mg
54,5HT,VL,0.311821,ng/mg
54,5HT,DL,0.32854,ng/mg
54,5HT,MD,0.577251,ng/mg
54,5HT,VPL,0.14156,ng/mg
56,5HT,vH,0.452391,ng/mg
56,5HT,NAc,0.165698,ng/mg
56,5HT,VM,0.375592,ng/mg
60,5HT,AC,0.192115,ng/mg
60,5HT,VM,0.089075,ng/mg
60,5HT,A,0.5044,ng/mg
60,5HT,dH,0.179092,ng/mg
60,5HT,vH,0.282029,ng/mg
60,5HT,NAc,0.199307,ng/mg
60,5HT,VM,0.591558,ng/mg
60,5HT,DM,0.304618,ng/mg
60,5HT,VL,0.378225,ng/mg
60,5HT,DL,0.149282,ng/mg
60,5HT,MD,0.312455,ng/mg
60,5HT,VPR,0.185068,ng/mg
60,5HT,VPL,0.128609,ng/mg
60,5HT,DLG,0.36496,ng/mg
60,5HT,HY,0.559053,ng/mg
60,5HT,SC,0.203335,ng/mg
60,5HT,SN,0.440492,ng/mg
60,5HT,VTA,0.155924,ng/mg
60,5HT,DR,1.661293,ng/mg
60,5HT,S1L6L,0.068703,ng/mg
60,5HT,S1L6R,0.104138,ng/mg
60,5HT,S1L,0.074456,ng/mg
60,5HT,S1R,0.076856,ng/mg
56,5HT,DM,0.232647,ng/mg
56,5HT,VL,0.338803,ng/mg
56,5HT,DL,0.195524,ng/mg
56,5HT,MD,0.360237,ng/mg
56,5HT,VPR,0.210772,ng/mg
56,5HT,VPL,0.256266,ng/mg
56,5HT,DLG,0.583409,ng/mg
56,5HT,HY,0.811521,ng/mg
56,5HT,SC,0.433566,ng/mg
60,5HT,CB,0.057487,ng/mg
56,5HT,SN,0.86442,ng/mg
56,5HT,DR,1.051802,ng/mg
56,5HT,MR,0.590931,ng/mg
56,5HT,CB,0.075471,ng/mg
60,5HT,OF,0.250492,ng/mg
60,5HT,PL,0.15163,ng/mg
60,5HT,aCC,0.127032,ng/mg
60,5HT,IC,0.204272,ng/mg
60,5HT,VM,0.306094,ng/mg
60,5HT,SJ,0.242642,ng/mg
56,5HT,VTA,0.386348,ng/mg
54,5HT,PL,0.140727,ng/mg
68,5HT,CB,0.067074,ng/mg
70,5HT,PL,0.199656,ng/mg
31,5HT,SC,0.331395,ng/mg
31,5HT,SN,0.260243,ng/mg
31,5HT,VTA,0.169834,ng/mg
31,5HT,DR,0.870637,ng/mg
31,5HT,MR,0.318297,ng/mg
31,5HT,CB,0.047699,ng/mg
36,5HT,OF,0.044636,ng/mg
36,5HT,PL,0.067734,ng/mg
36,5HT,aCC,0.09484,ng/mg
36,5HT,IC,0.0852,ng/mg
36,5HT,VM,0.094851,ng/mg
36,5HT,SJ,0.046321,ng/mg
36,5HT,S1R,0.080522,ng/mg
36,5HT,S1L,0.077175,ng/mg
36,5HT,S1L6R,0.053261,ng/mg
36,5HT,S1L6L,0.062112,ng/mg
36,5HT,AC,0.057953,ng/mg
36,5HT,VM,0.057069,ng/mg
36,5HT,A,0.301411,ng/mg
31,5HT,HY,0.210825,ng/mg
36,5HT,dH,0.150388,ng/mg
31,5HT,DLG,0.175017,ng/mg
31,5HT,VPR,0.150725,ng/mg
31,5HT,aCC,0.033608,ng/mg
31,5HT,IC,0.078592,ng/mg
31,5HT,VM,0.195197,ng/mg
31,5HT,SJ,0.259515,ng/mg
31,5HT,S1R,0.130785,ng/mg
31,5HT,S1L,0.113371,ng/mg
31,5HT,S1L6R,0.086751,ng/mg
31,5HT,S1L6L,0.088043,ng/mg
31,5HT,AC,0.083924,ng/mg
31,5HT,VM,0.034862,ng/mg
31,5HT,A,0.257461,ng/mg
31,5HT,dH,0.183399,ng/mg
31,5HT,vH,0.262968,ng/mg
31,5HT,NAc,0.170707,ng/mg
31,5HT,VM,0.296952,ng/mg
31,5HT,DM,0.220071,ng/mg
31,5HT,VL,0.23975,ng/mg
31,5HT,DL,0.221755,ng/mg
31,5HT,MD,0.197015,ng/mg
31,5HT,VPL,0.023443,ng/mg
36,5HT,vH,0.302971,ng/mg
36,5HT,NAc,0.152289,ng/mg
36,5HT,VM,0.370418,ng/mg
38,5HT,AC,0.105549,ng/mg
38,5HT,VM,0.058761,ng/mg
38,5HT,A,0.230852,ng/mg
38,5HT,dH,0.155493,ng/mg
38,5HT,vH,0.240687,ng/mg
38,5HT,NAc,0.130626,ng/mg
38,5HT,VM,0.373268,ng/mg
38,5HT,DM,0.299808,ng/mg
38,5HT,VL,0.321435,ng/mg
38,5HT,DL,0.254113,ng/mg
38,5HT,MD,0.173837,ng/mg
38,5HT,VPR,0.143021,ng/mg
38,5HT,VPL,0.058786,ng/mg
38,5HT,DLG,0.126871,ng/mg
38,5HT,HY,0.114738,ng/mg
38,5HT,SC,0.127641,ng/mg
38,5HT,SN,0.296616,ng/mg
38,5HT,VTA,0.275254,ng/mg
38,5HT,DR,0.474649,ng/mg
38,5HT,S1L6L,0.074177,ng/mg
38,5HT,S1L6R,0.07055,ng/mg
38,5HT,S1L,0.070853,ng/mg
38,5HT,S1R,0.086528,ng/mg
36,5HT,DM,0.06861,ng/mg
36,5HT,VL,0.098353,ng/mg
36,5HT,DL,0.09518,ng/mg
36,5HT,MD,0.119037,ng/mg
36,5HT,VPR,0.068277,ng/mg
36,5HT,VPL,0.052126,ng/mg
36,5HT,DLG,0.065107,ng/mg
36,5HT,HY,0.217389,ng/mg
36,5HT,SC,0.196778,ng/mg
31,5HT,PL,0.097173,ng/mg
36,5HT,SN,0.592984,ng/mg
36,5HT,DR,0.524256,ng/mg
36,5HT,MR,0.16675,ng/mg
36,5HT,CB,0.169752,ng/mg
38,5HT,OF,0.23446,ng/mg
38,5HT,PL,0.128854,ng/mg
38,5HT,aCC,0.087619,ng/mg
38,5HT,IC,0.083565,ng/mg
38,5HT,VM,0.236816,ng/mg
38,5HT,SJ,0.120141,ng/mg
36,5HT,VTA,0.090755,ng/mg
70,5HT,OF,0.23831,ng/mg
31,5HT,OF,0.149712,ng/mg
24,5HT,MR,0.371291,ng/mg
70,5HT,SC,0.649387,ng/mg
70,5HT,SN,0.987778,ng/mg
70,5HT,VTA,0.469839,ng/mg
70,5HT,DR,0.361947,ng/mg
70,5HT,MR,0.158057,ng/mg
70,5HT,CB,0.10919,ng/mg
23,5HT,OF,0.11047,ng/mg
23,5HT,PL,0.094526,ng/mg
23,5HT,aCC,0.071837,ng/mg
23,5HT,IC,0.147491,ng/mg
23,5HT,VM,0.146405,ng/mg
23,5HT,SJ,0.178578,ng/mg
23,5HT,S1R,0.084204,ng/mg
23,5HT,S1L,0.081115,ng/mg
23,5HT,S1L6R,0.171431,ng/mg
23,5HT,S1L6L,0.099946,ng/mg
23,5HT,AC,0.121273,ng/mg
23,5HT,VM,0.06332,ng/mg
23,5HT,A,0.188039,ng/mg
70,5HT,HY,0.389529,ng/mg
23,5HT,dH,0.038757,ng/mg
70,5HT,DLG,0.483279,ng/mg
70,5HT,VPR,0.29144,ng/mg
70,5HT,aCC,0.15176,ng/mg
70,5HT,IC,0.280626,ng/mg
70,5HT,VM,0.302242,ng/mg
70,5HT,SJ,0.281668,ng/mg
70,5HT,S1R,0.190689,ng/mg
70,5HT,S1L,0.217556,ng/mg
70,5HT,S1L6R,0.158853,ng/mg
70,5HT,S1L6L,0.124506,ng/mg
70,5HT,AC,0.133562,ng/mg
70,5HT,VM,0.113817,ng/mg
70,5HT,A,0.433844,ng/mg
70,5HT,dH,0.300276,ng/mg
70,5HT,vH,0.466844,ng/mg
70,5HT,NAc,0.239759,ng/mg
70,5HT,VM,0.36599,ng/mg
70,5HT,DM,0.436069,ng/mg
70,5HT,VL,0.399957,ng/mg
70,5HT,DL,0.363682,ng/mg
70,5HT,MD,0.608292,ng/mg
70,5HT,VPL,0.362978,ng/mg
23,5HT,vH,0.36705,ng/mg
23,5HT,NAc,0.144442,ng/mg
23,5HT,VM,0.22409,ng/mg
24,5HT,AC,0.092282,ng/mg
24,5HT,VM,0.099522,ng/mg
24,5HT,A,0.301291,ng/mg
24,5HT,dH,0.118261,ng/mg
24,5HT,vH,0.424767,ng/mg
24,5HT,NAc,0.19912,ng/mg
24,5HT,VM,0.366172,ng/mg
24,5HT,DM,0.203866,ng/mg
24,5HT,VL,0.283459,ng/mg
24,5HT,DL,0.200175,ng/mg
24,5HT,MD,0.192361,ng/mg
24,5HT,VPR,0.156519,ng/mg
24,5HT,VPL,0.077391,ng/mg
24,5HT,DLG,0.309182,ng/mg
24,5HT,HY,0.383487,ng/mg
24,5HT,SC,0.170784,ng/mg
24,5HT,SN,0.492464,ng/mg
24,5HT,VTA,0.312767,ng/mg
24,5HT,DR,0.905443,ng/mg
24,5HT,S1L6L,0.055111,ng/mg
24,5HT,S1L6R,0.108733,ng/mg
24,5HT,S1L,0.088249,ng/mg
24,5HT,S1R,0.11038,ng/mg
23,5HT,DM,0.291565,ng/mg
23,5HT,VL,0.253696,ng/mg
23,5HT,DL,0.19953,ng/mg
23,5HT,MD,0.186959,ng/mg
23,5HT,VPR,0.098164,ng/mg
23,5HT,VPL,0.043992,ng/mg
23,5HT,DLG,0.153636,ng/mg
23,5HT,HY,0.322028,ng/mg
23,5HT,SC,0.232411,ng/mg
24,5HT,CB,0.063075,ng/mg
23,5HT,SN,0.350097,ng/mg
23,5HT,DR,0.809176,ng/mg
23,5HT,MR,0.425762,ng/mg
23,5HT,CB,0.050017,ng/mg
24,5HT,OF,0.218608,ng/mg
24,5HT,PL,0.180183,ng/mg
24,5HT,aCC,0.075642,ng/mg
24,5HT,IC,0.140286,ng/mg
24,5HT,VM,0.2126,ng/mg
24,5HT,SJ,0.180342,ng/mg
23,5HT,VTA,0.174109,ng/mg
54,5HT,OF,0.213852,ng/mg
47,5HT,CB,0.028908,ng/mg
47,5HT,MR,0.344044,ng/mg
37,5HT,DLG,0.443017,ng/mg
37,5HT,HY,0.53495,ng/mg
37,5HT,SC,0.273144,ng/mg
37,5HT,SN,0.449793,ng/mg
37,5HT,VTA,0.442951,ng/mg
37,5HT,DR,0.988151,ng/mg
37,5HT,MR,0.363466,ng/mg
37,5HT,CB,0.105876,ng/mg
39,5HT,OF,0.115464,ng/mg
39,5HT,PL,0.090907,ng/mg
39,5HT,aCC,0.105137,ng/mg
39,5HT,IC,0.097067,ng/mg
39,5HT,VM,0.134784,ng/mg
39,5HT,SJ,0.152325,ng/mg
39,5HT,S1R,0.149496,ng/mg
39,5HT,S1L,0.122852,ng/mg
39,5HT,S1L6R,0.082679,ng/mg
39,5HT,S1L6L,0.056597,ng/mg
39,5HT,AC,0.13848,ng/mg
37,5HT,VPL,0.181622,ng/mg
39,5HT,VM,0.061869,ng/mg
37,5HT,VPR,0.170856,ng/mg
37,5HT,DL,0.213413,ng/mg
37,5HT,OF,0.234522,ng/mg
37,5HT,PL,0.216937,ng/mg
37,5HT,aCC,0.153157,ng/mg
37,5HT,IC,0.17775,ng/mg
37,5HT,VM,0.313879,ng/mg
37,5HT,SJ,0.229551,ng/mg
37,5HT,S1R,0.108512,ng/mg
37,5HT,S1L,0.113068,ng/mg
37,5HT,S1L6R,0.134327,ng/mg
37,5HT,S1L6L,0.126963,ng/mg
37,5HT,AC,0.145434,ng/mg
37,5HT,VM,0.091832,ng/mg
37,5HT,A,0.423646,ng/mg
37,5HT,dH,0.232927,ng/mg
37,5HT,vH,0.515304,ng/mg
37,5HT,NAc,0.1785,ng/mg
37,5HT,VM,0.330669,ng/mg
37,5HT,DM,0.248158,ng/mg
37,5HT,VL,0.358503,ng/mg
37,5HT,MD,0.269748,ng/mg
39,5HT,A,0.221582,ng/mg
39,5HT,dH,0.114086,ng/mg
39,5HT,vH,0.31413,ng/mg
46,5HT,S1L6R,0.140315,ng/mg
46,5HT,S1L6L,0.108467,ng/mg
46,5HT,AC,0.105705,ng/mg
46,5HT,VM,0.0827,ng/mg
46,5HT,A,0.325467,ng/mg
46,5HT,dH,0.15126,ng/mg
46,5HT,vH,0.502727,ng/mg
46,5HT,NAc,0.381424,ng/mg
46,5HT,VM,0.442644,ng/mg
46,5HT,DM,0.146012,ng/mg
46,5HT,VL,0.315448,ng/mg
46,5HT,DL,0.116045,ng/mg
46,5HT,MD,0.251469,ng/mg
46,5HT,VPR,0.265014,ng/mg
46,5HT,VPL,0.121937,ng/mg
46,5HT,DLG,0.025455,ng/mg
46,5HT,HY,0.120882,ng/mg
46,5HT,SC,0.284935,ng/mg
46,5HT,SN,0.326056,ng/mg
46,5HT,S1L,0.114867,ng/mg
46,5HT,S1R,0.12518,ng/mg
46,5HT,SJ,0.092343,ng/mg
46,5HT,VM,0.179388,ng/mg
39,5HT,NAc,0.165121,ng/mg
39,5HT,VM,0.272736,ng/mg
39,5HT,DM,0.148224,ng/mg
39,5HT,VL,0.166876,ng/mg
39,5HT,DL,0.075472,ng/mg
39,5HT,MD,0.190351,ng/mg
39,5HT,VPR,0.089067,ng/mg
39,5HT,VPL,0.054831,ng/mg
39,5HT,DLG,0.169755,ng/mg
30,5HT,CB,0.140296,ng/mg
39,5HT,HY,0.136572,ng/mg
39,5HT,SN,0.696749,ng/mg
39,5HT,VTA,0.18334,ng/mg
39,5HT,DR,1.250995,ng/mg
39,5HT,MR,0.374548,ng/mg
39,5HT,CB,0.046958,ng/mg
46,5HT,OF,0.107186,ng/mg
46,5HT,PL,0.240095,ng/mg
46,5HT,aCC,0.132981,ng/mg
46,5HT,IC,0.12782,ng/mg
39,5HT,SC,0.10904,ng/mg
46,5HT,VTA,0.401819,ng/mg
30,5HT,MR,0.290647,ng/mg
30,5HT,VTA,0.556149,ng/mg
22,5HT,DLG,0.389716,ng/mg
22,5HT,HY,0.317706,ng/mg
22,5HT,SC,0.239443,ng/mg
22,5HT,SN,0.597536,ng/mg
22,5HT,VTA,0.440932,ng/mg
22,5HT,DR,0.877644,ng/mg
22,5HT,MR,NA,ng/mg
22,5HT,CB,0.0536,ng/mg
27,5HT,OF,0.099251,ng/mg
27,5HT,PL,0.19095,ng/mg
27,5HT,aCC,0.132461,ng/mg
27,5HT,IC,0.204686,ng/mg
27,5HT,VM,0.101656,ng/mg
27,5HT,SJ,0.073349,ng/mg
27,5HT,S1R,0.164621,ng/mg
27,5HT,S1L,0.112836,ng/mg
27,5HT,S1L6R,0.098734,ng/mg
27,5HT,S1L6L,0.105757,ng/mg
27,5HT,AC,0.075185,ng/mg
22,5HT,VPL,0.140395,ng/mg
27,5HT,VM,0.060227,ng/mg
22,5HT,VPR,0.313325,ng/mg
22,5HT,DL,0.1831,ng/mg
22,5HT,OF,0.201178,ng/mg
22,5HT,PL,0.168765,ng/mg
22,5HT,aCC,0.105891,ng/mg
22,5HT,IC,0.169141,ng/mg
22,5HT,VM,0.236301,ng/mg
22,5HT,SJ,0.208,ng/mg
22,5HT,S1R,0.169576,ng/mg
22,5HT,S1L,0.148137,ng/mg
22,5HT,S1L6R,0.111289,ng/mg
22,5HT,S1L6L,0.138866,ng/mg
22,5HT,AC,0.103518,ng/mg
22,5HT,VM,0.109131,ng/mg
22,5HT,A,0.428303,ng/mg
22,5HT,dH,0.307631,ng/mg
22,5HT,vH,0.382857,ng/mg
22,5HT,NAc,0.23223,ng/mg
22,5HT,VM,0.356028,ng/mg
22,5HT,DM,0.381329,ng/mg
22,5HT,VL,0.442624,ng/mg
22,5HT,MD,0.171433,ng/mg
27,5HT,A,0.3726,ng/mg
27,5HT,dH,0.20512,ng/mg
27,5HT,vH,0.340413,ng/mg
30,5HT,S1L6R,0.080914,ng/mg
30,5HT,S1L6L,0.10883,ng/mg
30,5HT,AC,0.120916,ng/mg
30,5HT,VM,0.103696,ng/mg
30,5HT,A,0.433714,ng/mg
30,5HT,dH,0.154961,ng/mg
30,5HT,vH,0.418276,ng/mg
30,5HT,NAc,0.136429,ng/mg
30,5HT,VM,0.293713,ng/mg
30,5HT,DM,0.186098,ng/mg
30,5HT,VL,0.404142,ng/mg
30,5HT,DL,0.187607,ng/mg
30,5HT,MD,0.342892,ng/mg
30,5HT,VPR,0.155904,ng/mg
30,5HT,VPL,0.113021,ng/mg
30,5HT,DLG,0.289015,ng/mg
30,5HT,HY,0.375575,ng/mg
30,5HT,SC,0.415571,ng/mg
30,5HT,SN,0.719773,ng/mg
30,5HT,S1L,0.142572,ng/mg
30,5HT,S1R,0.11484,ng/mg
30,5HT,SJ,0.223621,ng/mg
30,5HT,VM,0.272391,ng/mg
27,5HT,NAc,0.249138,ng/mg
27,5HT,VM,0.507582,ng/mg
27,5HT,DM,0.165253,ng/mg
27,5HT,VL,0.298806,ng/mg
27,5HT,DL,0.173799,ng/mg
27,5HT,MD,0.183151,ng/mg
27,5HT,VPR,0.337846,ng/mg
27,5HT,VPL,0.032506,ng/mg
27,5HT,DLG,0.119411,ng/mg
30,5HT,DR,1.005501,ng/mg
27,5HT,HY,0.160273,ng/mg
27,5HT,SN,0.705826,ng/mg
27,5HT,VTA,0.265072,ng/mg
27,5HT,DR,0.214925,ng/mg
27,5HT,MR,0.565033,ng/mg
27,5HT,CB,0.296917,ng/mg
30,5HT,OF,0.110123,ng/mg
30,5HT,PL,0.127705,ng/mg
30,5HT,aCC,0.101526,ng/mg
30,5HT,IC,0.237327,ng/mg
27,5HT,SC,0.339664,ng/mg
46,5HT,DR,0.189654,ng/mg
46,5HT,MR,0.253424,ng/mg
46,5HT,CB,0.213483,ng/mg
10,5HT,SC,0.38125,ng/mg
10,5HT,SN,0.71654,ng/mg
10,5HT,VTA,0.800987,ng/mg
10,5HT,DR,1.041412,ng/mg
10,5HT,MR,0.426491,ng/mg
10,5HT,CB,0.072188,ng/mg
12,5HT,OF,0.239982,ng/mg
12,5HT,PL,1.35632,ng/mg
12,5HT,aCC,0.103201,ng/mg
12,5HT,IC,0.17674,ng/mg
12,5HT,VM,0.243239,ng/mg
12,5HT,SJ,0.104882,ng/mg
12,5HT,S1R,0.161097,ng/mg
12,5HT,S1L,0.12807,ng/mg
12,5HT,S1L6R,0.153338,ng/mg
12,5HT,S1L6L,0.170781,ng/mg
12,5HT,AC,0.139782,ng/mg
12,5HT,VM,0.079301,ng/mg
12,5HT,A,0.341385,ng/mg
10,5HT,HY,0.51517,ng/mg
12,5HT,dH,0.258942,ng/mg
10,5HT,DLG,0.325057,ng/mg
10,5HT,VPR,0.324235,ng/mg
10,5HT,aCC,0.184217,ng/mg
10,5HT,IC,0.27426,ng/mg
10,5HT,VM,0.28638,ng/mg
10,5HT,SJ,0.216252,ng/mg
10,5HT,S1R,0.103755,ng/mg
10,5HT,S1L,0.155556,ng/mg
10,5HT,S1L6R,0.126116,ng/mg
10,5HT,S1L6L,0.164501,ng/mg
10,5HT,AC,0.126,ng/mg
10,5HT,VM,0.101757,ng/mg
10,5HT,A,0.417053,ng/mg
10,5HT,dH,0.283224,ng/mg
10,5HT,vH,0.511261,ng/mg
10,5HT,NAc,0.109906,ng/mg
10,5HT,VM,0.377332,ng/mg
10,5HT,DM,0.577131,ng/mg
10,5HT,VL,0.29106,ng/mg
10,5HT,DL,0.196713,ng/mg
10,5HT,MD,0.232939,ng/mg
10,5HT,VPL,0.15083,ng/mg
12,5HT,vH,0.435009,ng/mg
12,5HT,NAc,0.173022,ng/mg
12,5HT,VM,0.317678,ng/mg
47,5HT,AC,0.076232,ng/mg
47,5HT,VM,0.033327,ng/mg
47,5HT,A,0.253667,ng/mg
47,5HT,dH,0.172309,ng/mg
47,5HT,vH,0.54,ng/mg
47,5HT,NAc,0.146444,ng/mg
47,5HT,VM,0.164937,ng/mg
47,5HT,DM,0.119658,ng/mg
47,5HT,VL,0.168853,ng/mg
47,5HT,DL,0.080182,ng/mg
47,5HT,MD,0.188839,ng/mg
47,5HT,VPR,0.173319,ng/mg
47,5HT,VPL,0.075884,ng/mg
47,5HT,DLG,0.119474,ng/mg
47,5HT,HY,0.415008,ng/mg
47,5HT,SC,0.342935,ng/mg
47,5HT,SN,0.477801,ng/mg
47,5HT,VTA,0.19713,ng/mg
47,5HT,DR,0.735816,ng/mg
47,5HT,S1L6L,0.130364,ng/mg
47,5HT,S1L6R,0.091053,ng/mg
47,5HT,S1L,0.134147,ng/mg
47,5HT,S1R,0.091974,ng/mg
12,5HT,DM,0.157484,ng/mg
12,5HT,VL,0.285527,ng/mg
12,5HT,DL,0.208815,ng/mg
12,5HT,MD,0.203882,ng/mg
12,5HT,VPR,0.246849,ng/mg
12,5HT,VPL,0.152329,ng/mg
12,5HT,DLG,0.276472,ng/mg
12,5HT,HY,0.279527,ng/mg
12,5HT,SC,0.456921,ng/mg
10,5HT,PL,0.166418,ng/mg
12,5HT,SN,0.765435,ng/mg
12,5HT,DR,1.145048,ng/mg
12,5HT,MR,0.718936,ng/mg
12,5HT,CB,0.061125,ng/mg
47,5HT,OF,0.09901,ng/mg
47,5HT,PL,0.12078,ng/mg
47,5HT,aCC,0.134483,ng/mg
47,5HT,IC,0.155333,ng/mg
47,5HT,VM,0.140994,ng/mg
47,5HT,SJ,0.094447,ng/mg
12,5HT,VTA,0.416432,ng/mg
10,5HT,OF,0.360919,ng/mg
8,5HT,CB,0.127839,ng/mg
8,5HT,MR,0.328171,ng/mg
53,5HT,HY,0.18898,ng/mg
53,5HT,SC,0.251953,ng/mg
53,5HT,SN,0.29356,ng/mg
53,5HT,VTA,0.276383,ng/mg
53,5HT,DR,0.604511,ng/mg
53,5HT,MR,0.350166,ng/mg
53,5HT,CB,0.096678,ng/mg
55,5HT,OF,0.175321,ng/mg
55,5HT,PL,0.11734,ng/mg
55,5HT,aCC,0.081889,ng/mg
55,5HT,IC,0.170547,ng/mg
55,5HT,VM,0.276626,ng/mg
55,5HT,SJ,0.20238,ng/mg
55,5HT,S1R,0.122073,ng/mg
55,5HT,S1L,0.119085,ng/mg
55,5HT,S1L6R,0.141766,ng/mg
55,5HT,S1L6L,0.109054,ng/mg
55,5HT,AC,0.105207,ng/mg
55,5HT,VM,0.109211,ng/mg
53,5HT,DLG,0.172104,ng/mg
53,5HT,VPL,0.149732,ng/mg
53,5HT,VPR,0.164743,ng/mg
53,5HT,MD,0.434648,ng/mg
53,5HT,OF,0.263709,ng/mg
53,5HT,PL,0.198307,ng/mg
53,5HT,aCC,0.143189,ng/mg
53,5HT,IC,0.220883,ng/mg
53,5HT,VM,0.203637,ng/mg
53,5HT,SJ,0.218469,ng/mg
53,5HT,S1R,0.116129,ng/mg
53,5HT,S1L,0.067027,ng/mg
53,5HT,S1L6R,0.064279,ng/mg
55,5HT,A,0.31134,ng/mg
53,5HT,S1L6L,0.109589,ng/mg
53,5HT,VM,0.117865,ng/mg
53,5HT,A,0.511938,ng/mg
53,5HT,dH,0.319127,ng/mg
53,5HT,vH,0.416355,ng/mg
53,5HT,NAc,0.163571,ng/mg
53,5HT,VM,0.488406,ng/mg
53,5HT,DM,0.42898,ng/mg
53,5HT,VL,0.443328,ng/mg
53,5HT,DL,0.224765,ng/mg
53,5HT,AC,0.161589,ng/mg
38,5HT,CB,0.068277,ng/mg
55,5HT,dH,0.233333,ng/mg
55,5HT,NAc,0.177624,ng/mg
8,5HT,AC,0.182622,ng/mg
8,5HT,VM,0.161947,ng/mg
8,5HT,A,0.443843,ng/mg
8,5HT,dH,0.259399,ng/mg
8,5HT,vH,0.368469,ng/mg
8,5HT,NAc,0.281895,ng/mg
8,5HT,VM,0.53485,ng/mg
8,5HT,DM,0.479638,ng/mg
8,5HT,VL,0.508122,ng/mg
8,5HT,DL,0.229314,ng/mg
8,5HT,MD,0.194328,ng/mg
8,5HT,VPR,0.229022,ng/mg
8,5HT,VPL,0.357935,ng/mg
8,5HT,DLG,0.419205,ng/mg
8,5HT,HY,0.432257,ng/mg
8,5HT,SC,0.371757,ng/mg
8,5HT,SN,0.622403,ng/mg
8,5HT,VTA,0.677736,ng/mg
8,5HT,DR,1.353834,ng/mg
8,5HT,S1L6L,0.165563,ng/mg
8,5HT,S1L6R,0.239587,ng/mg
8,5HT,S1L,0.149995,ng/mg
8,5HT,S1R,0.204875,ng/mg
55,5HT,VM,0.381328,ng/mg
55,5HT,DM,0.158549,ng/mg
55,5HT,VL,0.33761,ng/mg
55,5HT,DL,0.176295,ng/mg
55,5HT,MD,0.30757,ng/mg
55,5HT,VPR,0.239227,ng/mg
55,5HT,VPL,0.126208,ng/mg
55,5HT,DLG,0.328131,ng/mg
55,5HT,HY,0.455072,ng/mg
55,5HT,vH,0.370672,ng/mg
55,5HT,SC,0.30249,ng/mg
55,5HT,VTA,0.614386,ng/mg
55,5HT,DR,0.939312,ng/mg
55,5HT,MR,0.479354,ng/mg
8,5HT,OF,0.280264,ng/mg
8,5HT,PL,0.280239,ng/mg
8,5HT,aCC,0.18611,ng/mg
8,5HT,IC,0.258933,ng/mg
8,5HT,VM,0.261041,ng/mg
8,5HT,SJ,0.251163,ng/mg
55,5HT,SN,0.632226,ng/mg
69,5HT,CB,0.062507,ng/mg
